id,titulo,anio,estado_juego,vinculo_preliminar,fuente,url,nota,estado_triage,ficha_id,origen,origen_ref,fecha_estado,motivo_decision,eje_sugerido,ejes_culturales_sugeridos,notas_triage
100-cats-argentina,100 Cats Argentina,,publicado,escenario,https://store.steampowered.com/app/2784520/,https://store.steampowered.com/app/2784520/,Candidato Steam app 2784520.,descartado,,csv_legacy,,2026-08-03,steam auto-descartado; terminos: argentina,escenario,,steam auto-descartado; terminos: argentina
100-orange-juice-extracurricular-pack,100% Orange Juice - Extracurricular Pack,,publicado,escenario,https://store.steampowered.com/app/3811450/,https://store.steampowered.com/app/3811450/,Candidato Steam app 3811450.,descartado,,csv_legacy,,2026-08-03,steam auto-descartado; terminos: tango,escenario,,steam auto-descartado; terminos: tango
152-el-colectivo,152: El Colectivo,,prototipo,escenario,https://itch.io/search?q=colectivo+buenos+aires,,Simuladores del bondi porteño.,descartado,,csv_legacy,,2026-08-03,; sin app_id Steam,escenario,cultura_urbana,; sin app_id Steam
2dark-official-soundtrack-and-artbook,2Dark Official Soundtrack and Artbook,,publicado,escenario,https://store.steampowered.com/app/579740/,https://store.steampowered.com/app/579740/,Candidato Steam app 579740.,descartado,,csv_legacy,,2026-08-03,steam auto-descartado; terminos: tango,escenario,,steam auto-descartado; terminos: tango
999-hidden-cats-argentina-together,999 Hidden Cats: Argentina Together,,publicado,escenario,https://store.steampowered.com/app/3809650/,https://store.steampowered.com/app/3809650/,Candidato Steam app 3809650.,descartado,,csv_legacy,,2026-08-03,steam auto-descartado; terminos: argentina,escenario,,steam auto-descartado; terminos: argentina
a-pirate-game-about-digging-for-treasure-and-getting-drunk-demo,A Pirate Game About Digging For Treasure And Getting Drunk Demo,,publicado,escenario,https://store.steampowered.com/app/3901500/,https://store.steampowered.com/app/3901500/,Candidato Steam app 3901500.,descartado,,csv_legacy,,2026-08-03,steam auto-descartado; título indica demo/dlc/pack/skin,escenario,,steam auto-descartado; título indica demo/dlc/pack/skin
across-the-desk-study-mate,Across the Desk : Study Mate,,publicado,escenario,https://store.steampowered.com/app/4443930/,https://store.steampowered.com/app/4443930/,Candidato Steam app 4443930.,descartado,,csv_legacy,,2026-08-03,juego base; solo ruido mate/tango/santa fe,escenario,,triage: juego base; solo ruido mate/tango/santa fe
age-of-resistance-demo,Age of Resistance Demo,,publicado,escenario,https://store.steampowered.com/app/4789470/,https://store.steampowered.com/app/4789470/,Candidato Steam app 4789470.,descartado,,csv_legacy,,2026-08-03,steam auto-descartado; título indica demo/dlc/pack/skin,escenario,,steam auto-descartado; título indica demo/dlc/pack/skin
aikomate,AikoMate,,publicado,escenario,https://store.steampowered.com/app/4426320/,https://store.steampowered.com/app/4426320/,Candidato Steam app 4426320.,descartado,,csv_legacy,,2026-08-03,juego base; solo ruido mate/tango/santa fe,escenario,,triage: juego base; solo ruido mate/tango/santa fe
american-truck-simulator-new-mexico,American Truck Simulator - New Mexico,,publicado,escenario,https://store.steampowered.com/app/684630/,https://store.steampowered.com/app/684630/,Candidato Steam app 684630.,descartado,,csv_legacy,,2026-08-03,tipo Steam: dlc,escenario,,triage: tipo Steam: dlc
aprender-jugando-provincias-ar,Aprender Jugando — Provincias AR,,publicado,escenario,https://mobbyt.com/,,Minijuegos educativos varios.,descartado,,csv_legacy,,2026-08-03,; sin app_id Steam,escenario,educativo;geografia,; sin app_id Steam
aquarius-pinball,Aquarius Pinball,,publicado,escenario,https://store.steampowered.com/app/3798060/,https://store.steampowered.com/app/3798060/,Candidato Steam app 3798060.,descartado,,csv_legacy,,2026-08-03,tipo Steam: dlc,escenario,,triage: tipo Steam: dlc
arcana-demo,Arcana Demo,,publicado,escenario,https://store.steampowered.com/app/3547930/,https://store.steampowered.com/app/3547930/,Candidato Steam app 3547930.,descartado,,csv_legacy,,2026-08-03,steam auto-descartado; terminos: gaucho,escenario,,steam auto-descartado; terminos: gaucho
arcor-el-reino-de-los-chocolates,Arcor: El Reino de los Chocolates,2005,publicado,escenario,https://archive.org/search?query=arcor+juego+argentina,,Juego promocional de marca argentina.,descartado,,csv_legacy,,2026-08-03,tipo promocional; sin app_id Steam,escenario,cultura_urbana,tipo promocional; sin app_id Steam
argentina-pelea,Argentina Pelea,2015,publicado,protagonista,https://archive.org/search?query=argentina+pelea+flash,,Flash: pelea política Macri vs Cristina. Buscar en archive.org.,descartado,,csv_legacy,,2026-08-03,sensibilidad alta; verificar URL; sin app_id Steam,protagonista,politica;satira,sensibilidad alta; verificar URL; sin app_id Steam
ark-survival-evolved,ARK: Survival Evolved,,publicado,escenario,https://store.steampowered.com/app/346110/,https://store.steampowered.com/app/346110/,Candidato Steam app 346110.,descartado,,csv_legacy,,2026-08-03,juego base; solo ruido mate/tango/santa fe,escenario,,triage: juego base; solo ruido mate/tango/santa fe
assetto-corsa-red-pack,Assetto Corsa - Red Pack,,publicado,escenario,https://store.steampowered.com/app/493190/,https://store.steampowered.com/app/493190/,Candidato Steam app 493190.,descartado,,csv_legacy,,2026-08-03,steam auto-descartado; terminos: mate,escenario,,steam auto-descartado; terminos: mate
astlibra-revision,ASTLIBRA Revision,,publicado,escenario,https://store.steampowered.com/app/1718570/,https://store.steampowered.com/app/1718570/,Candidato Steam app 1718570.,descartado,,csv_legacy,,2026-08-03,juego base; solo ruido mate/tango/santa fe,escenario,,triage: juego base; solo ruido mate/tango/santa fe
automata-break,Automata Break,,publicado,escenario,https://store.steampowered.com/app/1322010/,https://store.steampowered.com/app/1322010/,Candidato Steam app 1322010.,descartado,,csv_legacy,,2026-08-03,juego base; jurisdicción: Mendoza,escenario,,triage: juego base; jurisdicción: Mendoza
autonauts-vs-piratebots,Autonauts vs Piratebots,,publicado,escenario,https://store.steampowered.com/app/1907720/,https://store.steampowered.com/app/1907720/,Candidato Steam app 1907720.,descartado,,csv_legacy,,2026-08-03,juego base; solo ruido mate/tango/santa fe,escenario,,triage: juego base; solo ruido mate/tango/santa fe
back-to-hearth,Back to Hearth,,publicado,escenario,https://store.steampowered.com/app/2642760/,https://store.steampowered.com/app/2642760/,Candidato Steam app 2642760.,descartado,,csv_legacy,,2026-08-03,juego base; jurisdicción: Misiones,escenario,,triage: juego base; jurisdicción: Misiones
backspace-backspace-backspace,Backspace Backspace Backspace,,publicado,escenario,https://store.steampowered.com/app/3058940/,https://store.steampowered.com/app/3058940/,Candidato Steam app 3058940.,descartado,,csv_legacy,,2026-08-03,juego base; jurisdicción: Ciudad Autónoma de Buenos Aires,escenario,,triage: juego base; jurisdicción: Ciudad Autónoma de Buenos Aires
backspace-backspace-backspace-soundtrack,Backspace Backspace Backspace Soundtrack,,publicado,escenario,https://store.steampowered.com/app/3093450/,https://store.steampowered.com/app/3093450/,Candidato Steam app 3093450.,descartado,,csv_legacy,,2026-08-03,steam auto-descartado; terminos: tango,escenario,,steam auto-descartado; terminos: tango
badlands-crew-drive-command-conquer,"Badlands Crew - Drive, Command, Conquer",,publicado,escenario,https://store.steampowered.com/app/2078230/,https://store.steampowered.com/app/2078230/,Candidato Steam app 2078230.,descartado,,csv_legacy,,2026-08-03,juego base; solo ruido mate/tango/santa fe,escenario,,triage: juego base; solo ruido mate/tango/santa fe
balancity-original-soundtrack,BalanCity - Original Soundtrack,,publicado,escenario,https://store.steampowered.com/app/573850/,https://store.steampowered.com/app/573850/,Candidato Steam app 573850.,descartado,,csv_legacy,,2026-08-03,"steam auto-descartado; terminos: cordoba,tango",escenario,,"steam auto-descartado; terminos: cordoba,tango"
ballavita,Ballavita,,publicado,escenario,https://store.steampowered.com/app/1245660/,https://store.steampowered.com/app/1245660/,Candidato Steam app 1245660.,descartado,,csv_legacy,,2026-08-03,juego base; jurisdicción: Ciudad Autónoma de Buenos Aires,escenario,,triage: juego base; jurisdicción: Ciudad Autónoma de Buenos Aires
banco-nacion-simulador-financiero,Banco Nación — Simulador Financiero,,publicado,escenario,https://archive.org/search?query=banco+nacion+juego,,Gamificación bancaria estatal.,descartado,,csv_legacy,,2026-08-03,promocional; sin app_id Steam,escenario,educativo,promocional; sin app_id Steam
bapbap,BAPBAP,,publicado,escenario,https://store.steampowered.com/app/2226280/,https://store.steampowered.com/app/2226280/,Candidato Steam app 2226280.,descartado,,csv_legacy,,2026-08-03,juego base; solo ruido mate/tango/santa fe,escenario,,triage: juego base; solo ruido mate/tango/santa fe
barredor-de-la-city,Barredor de la City,2012,publicado,escenario,https://archive.org/search?query=barredor+city+flash,,Flash sobre barredores de CABA.,descartado,,csv_legacy,,2026-08-03,archive.org; sin app_id Steam,escenario,cultura_urbana,archive.org; sin app_id Steam
battlebox-pre-launch-music-application,BATTLEBOX - Pre-Launch Music Application,,publicado,escenario,https://store.steampowered.com/app/1459370/,https://store.steampowered.com/app/1459370/,Candidato Steam app 1459370.,descartado,,csv_legacy,,2026-08-03,juego base; jurisdicción: Ciudad Autónoma de Buenos Aires,escenario,,triage: juego base; jurisdicción: Ciudad Autónoma de Buenos Aires
battlefieldtm-hardline,Battlefield™ Hardline,,publicado,escenario,https://store.steampowered.com/app/1238880/,https://store.steampowered.com/app/1238880/,Candidato Steam app 1238880.,descartado,,csv_legacy,,2026-08-03,triage: juego base; jurisdicción: Mendoza,escenario,,triage: juego base; jurisdicción: Mendoza
battlefieldtm-hardline-edicion-ultimate,Battlefield™ Hardline Edición Ultimate,,,,,,,descartado,,csv_legacy,,2026-08-03,juego base; jurisdicción: Mendoza,,,
battleships-and-carriers-pacific-war,Battleships and Carriers - Pacific War,,publicado,escenario,https://store.steampowered.com/app/1166000/,https://store.steampowered.com/app/1166000/,Candidato Steam app 1166000.,descartado,,csv_legacy,,2026-08-03,juego base; jurisdicción: Santa Cruz,escenario,,triage: juego base; jurisdicción: Santa Cruz
big-adventure-trip-to-europe-3-collector-s-edition,Big Adventure: Trip to Europe 3 - Collector's Edition,,publicado,escenario,https://store.steampowered.com/app/2159060/,https://store.steampowered.com/app/2159060/,Candidato Steam app 2159060.,descartado,,csv_legacy,,2026-08-03,juego base; jurisdicción: La Rioja,escenario,,triage: juego base; jurisdicción: La Rioja
binary-domain,Binary Domain,,publicado,escenario,https://store.steampowered.com/app/203750/,https://store.steampowered.com/app/203750/,Candidato Steam app 203750.,descartado,,csv_legacy,,2026-08-03,juego base; solo ruido mate/tango/santa fe,escenario,,triage: juego base; solo ruido mate/tango/santa fe
blood-bowl-3,Blood Bowl 3,,publicado,escenario,https://store.steampowered.com/app/1016950/,https://store.steampowered.com/app/1016950/,Candidato Steam app 1016950.,descartado,,csv_legacy,,2026-08-03,juego base; solo ruido mate/tango/santa fe,escenario,,triage: juego base; solo ruido mate/tango/santa fe
bloodrayne-argentina-descartado,BloodRayne Argentina,,publicado,escenario,investigacion_web,multi,Nazi base en Patagonia,descartado,,csv_legacy,,2026-08-03,; sin app_id Steam,escenario,,; sin app_id Steam
blue-wednesday,Blue Wednesday,,publicado,escenario,https://store.steampowered.com/app/2129160/,https://store.steampowered.com/app/2129160/,Candidato Steam app 2129160.,descartado,,csv_legacy,,2026-08-03,juego base; jurisdicción: Ciudad Autónoma de Buenos Aires,escenario,,triage: juego base; jurisdicción: Ciudad Autónoma de Buenos Aires
blue-wednesday-prologue,Blue Wednesday: Prologue,,publicado,escenario,https://store.steampowered.com/app/2285210/,https://store.steampowered.com/app/2285210/,Candidato Steam app 2285210.,descartado,,csv_legacy,,2026-08-03,juego base; jurisdicción: Ciudad Autónoma de Buenos Aires,escenario,,triage: juego base; jurisdicción: Ciudad Autónoma de Buenos Aires
blueplanet-vr-v2,Blueplanet VR v2,,publicado,escenario,https://store.steampowered.com/app/1264180/,https://store.steampowered.com/app/1264180/,Candidato Steam app 1264180.,descartado,,csv_legacy,,2026-08-03,juego base; jurisdicción: Chaco,escenario,,triage: juego base; jurisdicción: Chaco
brazil-pack,Brazil Pack,,publicado,escenario,https://store.steampowered.com/app/351553/,https://store.steampowered.com/app/351553/,Candidato Steam app 351553.,descartado,,csv_legacy,,2026-08-03,steam auto-descartado; terminos: gaucho,escenario,,steam auto-descartado; terminos: gaucho
brotato,Brotato,,publicado,escenario,https://store.steampowered.com/app/1942280/,https://store.steampowered.com/app/1942280/,Candidato Steam app 1942280.,descartado,,csv_legacy,,2026-08-03,juego base; solo ruido mate/tango/santa fe,escenario,,triage: juego base; solo ruido mate/tango/santa fe
bside-desktop-mate,Bside: Desktop Mate,,publicado,escenario,https://store.steampowered.com/app/3649950/,https://store.steampowered.com/app/3649950/,Candidato Steam app 3649950.,descartado,,csv_legacy,,2026-08-03,juego base; solo ruido mate/tango/santa fe,escenario,,triage: juego base; solo ruido mate/tango/santa fe
buena-pizza-gran-pizza,"Buena pizza, gran pizza",,,,,,,descartado,,csv_legacy,,2026-08-03,juego base; solo ruido mate/tango/santa fe,,,
bugtopia,Bugtopia,,publicado,escenario,https://store.steampowered.com/app/2988300/,https://store.steampowered.com/app/2988300/,Candidato Steam app 2988300.,descartado,,csv_legacy,,2026-08-03,juego base; solo ruido mate/tango/santa fe,escenario,,triage: juego base; solo ruido mate/tango/santa fe
bus-simulator-18-country-skin-decal-pack,Bus Simulator 18 - Country Skin & Decal Pack,,publicado,escenario,https://store.steampowered.com/app/886910/,https://store.steampowered.com/app/886910/,Candidato Steam app 886910.,descartado,,csv_legacy,,2026-08-03,steam auto-descartado; terminos: argentina,escenario,,steam auto-descartado; terminos: argentina
calculator-desktop-mate-widgets,Calculator - Desktop Mate Widgets,,publicado,escenario,https://store.steampowered.com/app/4791250/,https://store.steampowered.com/app/4791250/,Candidato Steam app 4791250.,descartado,,csv_legacy,,2026-08-03,triage: juego base; solo ruido mate/tango/santa fe,escenario,,triage: juego base; solo ruido mate/tango/santa fe
california-games-ii,California Games II,,publicado,escenario,https://store.steampowered.com/app/1418350/,https://store.steampowered.com/app/1418350/,Candidato Steam app 1418350.,descartado,,csv_legacy,,2026-08-03,juego base; jurisdicción: Santa Cruz,escenario,,triage: juego base; jurisdicción: Santa Cruz
call-of-duty-leaguetm-paris-gentle-mates-team-pack-2026,Call of Duty League™ - Paris Gentle Mates Team Pack 2026,,publicado,escenario,https://store.steampowered.com/app/4085080/,https://store.steampowered.com/app/4085080/,Candidato Steam app 4085080.,descartado,,csv_legacy,,2026-08-03,steam auto-descartado; terminos: mate,escenario,,steam auto-descartado; terminos: mate
call-of-duty-ghosts-flags-of-the-world-pack,Call of Duty®: Ghosts -  Flags of the World Pack,,publicado,escenario,https://store.steampowered.com/app/301110/,https://store.steampowered.com/app/301110/,Candidato Steam app 301110.,descartado,,csv_legacy,,2026-08-03,steam auto-descartado; terminos: argentina,escenario,,steam auto-descartado; terminos: argentina
call-of-duty-ghosts-digital-hardened-edition,Call of Duty®: Ghosts - Digital Hardened Edition,,publicado,escenario,https://store.steampowered.com/app/255163/,https://store.steampowered.com/app/255163/,Candidato Steam app 255163.,descartado,,csv_legacy,,2026-08-03,juego base; solo ruido mate/tango/santa fe,escenario,,triage: juego base; solo ruido mate/tango/santa fe
campana-presidencial-2011,Campaña Presidencial 2011,2011,publicado,protagonista,https://archive.org/search?query=campana+presidencial+2011+juego,,Juegos Flash de elecciones 2011.,descartado,,csv_legacy,,2026-08-03,; sin app_id Steam,protagonista,politica;satira,; sin app_id Steam
car-mechanic-simulator-2018-chrysler-dlc,Car Mechanic Simulator 2018 - Chrysler DLC,,publicado,escenario,https://store.steampowered.com/app/1265620/,https://store.steampowered.com/app/1265620/,Candidato Steam app 1265620.,descartado,,csv_legacy,,2026-08-03,steam auto-descartado; terminos: cordoba,escenario,,steam auto-descartado; terminos: cordoba
car-mechanic-simulator-2021-dodge-plymouth-chrysler-remastered-dlc,Car Mechanic Simulator 2021 - Dodge | Plymouth | Chrysler Remastered DLC,,publicado,escenario,https://store.steampowered.com/app/2464230/,https://store.steampowered.com/app/2464230/,Candidato Steam app 2464230.,descartado,,csv_legacy,,2026-08-03,steam auto-descartado; terminos: cordoba,escenario,,steam auto-descartado; terminos: cordoba
carambola,CARAMBOLA,,publicado,escenario,https://store.steampowered.com/app/2956690/,https://store.steampowered.com/app/2956690/,Candidato Steam app 2956690.,descartado,,csv_legacy,,2026-08-03,juego base; jurisdicción: Mendoza,escenario,,triage: juego base; jurisdicción: Mendoza
carrier-battles-4-guadalcanal-guerra-naval-en-el-pacifico,Carrier Battles 4 Guadalcanal - Guerra Naval en el Pacifico,,,,,,,descartado,,csv_legacy,,2026-08-03,juego base; jurisdicción: Santa Cruz,,,
carrier-battles-4-guadalcanal-pacific-war-naval-warfare,Carrier Battles 4 Guadalcanal - Pacific War Naval Warfare,,publicado,escenario,https://store.steampowered.com/app/1163340/,https://store.steampowered.com/app/1163340/,Candidato Steam app 1163340.,descartado,,csv_legacy,,2026-08-03,triage: juego base; jurisdicción: Santa Cruz,escenario,,triage: juego base; jurisdicción: Santa Cruz
carrier-battles-ww2-admiral-of-the-fleet,Carrier Battles WW2: Admiral of the Fleet,,publicado,escenario,https://store.steampowered.com/app/1540360/,https://store.steampowered.com/app/1540360/,Candidato Steam app 1540360.,descartado,,csv_legacy,,2026-08-03,juego base; jurisdicción: Santa Cruz,escenario,,triage: juego base; jurisdicción: Santa Cruz
cartel-tycoon-soundtrack-vol-i,Cartel Tycoon - Soundtrack Vol. I,,publicado,escenario,https://store.steampowered.com/app/1570090/,https://store.steampowered.com/app/1570090/,Candidato Steam app 1570090.,descartado,,csv_legacy,,2026-08-03,steam auto-descartado; terminos: mendoza,escenario,,steam auto-descartado; terminos: mendoza
cat-god-ranch,Cat God Ranch,,publicado,escenario,https://store.steampowered.com/app/2797340/,https://store.steampowered.com/app/2797340/,Candidato Steam app 2797340.,descartado,,csv_legacy,,2026-08-03,juego base; jurisdicción: Ciudad Autónoma de Buenos Aires,escenario,,triage: juego base; jurisdicción: Ciudad Autónoma de Buenos Aires
check-x-mate,Check x Mate,,publicado,escenario,https://store.steampowered.com/app/1843790/,https://store.steampowered.com/app/1843790/,Candidato Steam app 1843790.,descartado,,csv_legacy,,2026-08-03,juego base; solo ruido mate/tango/santa fe,escenario,,triage: juego base; solo ruido mate/tango/santa fe
check-x-mate-demo,Check x Mate Demo,,publicado,escenario,https://store.steampowered.com/app/1866690/,https://store.steampowered.com/app/1866690/,Candidato Steam app 1866690.,descartado,,csv_legacy,,2026-08-03,steam auto-descartado; terminos: mate,escenario,,steam auto-descartado; terminos: mate
chess-infinity-mate-in-2-puzzle-pack,Chess Infinity: Mate in 2 Puzzle Pack,,publicado,escenario,https://store.steampowered.com/app/3311950/,https://store.steampowered.com/app/3311950/,Candidato Steam app 3311950.,descartado,,csv_legacy,,2026-08-03,steam auto-descartado; terminos: mate,escenario,,steam auto-descartado; terminos: mate
chess-infinity-mate-in-3-puzzle-pack,Chess Infinity: Mate in 3 Puzzle Pack,,publicado,escenario,https://store.steampowered.com/app/3311960/,https://store.steampowered.com/app/3311960/,Candidato Steam app 3311960.,descartado,,csv_legacy,,2026-08-03,steam auto-descartado; terminos: mate,escenario,,steam auto-descartado; terminos: mate
chest-mate,Chest Mate,,publicado,escenario,https://store.steampowered.com/app/1889790/,https://store.steampowered.com/app/1889790/,Candidato Steam app 1889790.,descartado,,csv_legacy,,2026-08-03,juego base; solo ruido mate/tango/santa fe,escenario,,triage: juego base; solo ruido mate/tango/santa fe
chinchon-digital,Chinchón Digital,,publicado,escenario+protagonista,https://blyts.com/,https://blyts.com/,Variante del truco familiar.,descartado,,csv_legacy,,2026-08-03,; sin app_id Steam,mixto,juegos_tradicionales,; sin app_id Steam
chromagun,ChromaGun,,publicado,escenario,https://store.steampowered.com/app/408650/,https://store.steampowered.com/app/408650/,Candidato Steam app 408650.,descartado,,csv_legacy,,2026-08-03,juego base; jurisdicción: Ciudad Autónoma de Buenos Aires,escenario,,triage: juego base; jurisdicción: Ciudad Autónoma de Buenos Aires
cicada,CICADA,,publicado,escenario,https://store.steampowered.com/app/3918410/,https://store.steampowered.com/app/3918410/,Candidato Steam app 3918410.,descartado,,csv_legacy,,2026-08-03,triage: juego base; solo ruido mate/tango/santa fe,escenario,,triage: juego base; solo ruido mate/tango/santa fe
cities-in-motion-2-marvellous-monorails,Cities in Motion 2: Marvellous Monorails,,publicado,escenario,https://store.steampowered.com/app/225434/,https://store.steampowered.com/app/225434/,Candidato Steam app 225434.,descartado,,csv_legacy,,2026-08-03,tipo Steam: dlc,escenario,,triage: tipo Steam: dlc
cities-skylines-content-creator-pack-skyscrapers,Cities: Skylines - Content Creator Pack: Skyscrapers,,publicado,escenario,https://store.steampowered.com/app/2144481/,https://store.steampowered.com/app/2144481/,Candidato Steam app 2144481.,descartado,,csv_legacy,,2026-08-03,steam auto-descartado; terminos: argentina,escenario,,steam auto-descartado; terminos: argentina
civilization-v-civ-and-scenario-double-pack-spain-and-inca,Civilization V - Civ and Scenario Double Pack: Spain and Inca,,publicado,escenario,https://store.steampowered.com/app/16867/,https://store.steampowered.com/app/16867/,Candidato Steam app 16867.,descartado,,csv_legacy,,2026-08-03,steam auto-descartado; terminos: argentina,escenario,,steam auto-descartado; terminos: argentina
civilization-v-scrambled-continents-map-pack,Civilization V - Scrambled Continents Map Pack,,publicado,escenario,https://store.steampowered.com/app/235584/,https://store.steampowered.com/app/235584/,Candidato Steam app 235584.,descartado,,csv_legacy,,2026-08-03,steam auto-descartado; título indica demo/dlc/pack/skin,escenario,,steam auto-descartado; título indica demo/dlc/pack/skin
civilization-vi-buenos-aires,Civilization VI Buenos Aires,,publicado,escenario,investigacion_web,multi,City-state,descartado,,csv_legacy,,2026-08-03,; sin app_id Steam,escenario,,; sin app_id Steam
close-encounter-vr,Close Encounter VR,,publicado,escenario,https://store.steampowered.com/app/1302430/,https://store.steampowered.com/app/1302430/,Candidato Steam app 1302430.,descartado,,csv_legacy,,2026-08-03,juego base; jurisdicción: Ciudad Autónoma de Buenos Aires,escenario,,triage: juego base; jurisdicción: Ciudad Autónoma de Buenos Aires
command-mo-northern-inferno,Command:MO - Northern Inferno,,publicado,escenario,https://store.steampowered.com/app/1182291/,https://store.steampowered.com/app/1182291/,Candidato Steam app 1182291.,descartado,,csv_legacy,,2026-08-03,tipo Steam: dlc,escenario,,triage: tipo Steam: dlc
command-mo-live-commonwealth-collision,Command:MO LIVE - Commonwealth Collision,,publicado,escenario,https://store.steampowered.com/app/1182301/,https://store.steampowered.com/app/1182301/,Candidato Steam app 1182301.,descartado,,csv_legacy,,2026-08-03,tipo Steam: dlc,escenario,,triage: tipo Steam: dlc
commander-conquest-of-the-americas-colonial-navy,Commander: Conquest of the Americas - Colonial Navy,,publicado,escenario,https://store.steampowered.com/app/49310/,https://store.steampowered.com/app/49310/,Candidato Steam app 49310.,descartado,,csv_legacy,,2026-08-03,tipo Steam: dlc,escenario,,triage: tipo Steam: dlc
concerto-on-white-cajon-story-marimbeira-music-pack,Concerto on White: Cajon Story - Marimbeira Music Pack,,publicado,escenario,https://store.steampowered.com/app/4499080/,https://store.steampowered.com/app/4499080/,Candidato Steam app 4499080.,descartado,,csv_legacy,,2026-08-03,steam auto-descartado; terminos: tango,escenario,,steam auto-descartado; terminos: tango
constellation-tango,Constellation Tango,,publicado,escenario,https://store.steampowered.com/app/1721360/,https://store.steampowered.com/app/1721360/,Candidato Steam app 1721360.,descartado,,csv_legacy,,2026-08-03,juego base; jurisdicción: Ciudad Autónoma de Buenos Aires,escenario,,triage: juego base; jurisdicción: Ciudad Autónoma de Buenos Aires
contractors-showdown-exfilzone-johnny-s-secret-stash,Contractors Showdown : ExfilZone - Johnny's secret stash,,publicado,escenario,https://store.steampowered.com/app/3682240/,https://store.steampowered.com/app/3682240/,Candidato Steam app 3682240.,descartado,,csv_legacy,,2026-08-03,tipo Steam: dlc,escenario,,triage: tipo Steam: dlc
country-pack-hearts-of-iron-iv-trial-of-allegiance,Country Pack - Hearts of Iron IV: Trial of Allegiance,,publicado,escenario,https://store.steampowered.com/app/2695150/,https://store.steampowered.com/app/2695150/,Candidato Steam app 2695150.,descartado,,csv_legacy,,2026-08-03,steam auto-descartado; terminos: argentina,escenario,,steam auto-descartado; terminos: argentina
craftomation-101-programming-craft,Craftomation 101: Programming & Craft,,publicado,escenario,https://store.steampowered.com/app/1724140/,https://store.steampowered.com/app/1724140/,Candidato Steam app 1724140.,descartado,,csv_legacy,,2026-08-03,juego base; solo ruido mate/tango/santa fe,escenario,,triage: juego base; solo ruido mate/tango/santa fe
crate-mates,Crate Mates,,publicado,escenario,https://store.steampowered.com/app/1750600/,https://store.steampowered.com/app/1750600/,Candidato Steam app 1750600.,descartado,,csv_legacy,,2026-08-03,juego base; solo ruido mate/tango/santa fe,escenario,,triage: juego base; solo ruido mate/tango/santa fe
crossout-assault-force-tango-1,Crossout - Assault Force: Tango-1,,publicado,escenario,https://store.steampowered.com/app/1276340/,https://store.steampowered.com/app/1276340/,Candidato Steam app 1276340.,descartado,,csv_legacy,,2026-08-03,tipo Steam: dlc,escenario,,triage: tipo Steam: dlc
cumbia-villera-el-ritmo,Cumbia Villera: El Ritmo,,prototipo,escenario,https://itch.io/search?q=cumbia+argentina,,Ritmo y cultura villera.,descartado,,csv_legacy,,2026-08-03,; sin app_id Steam,escenario,cultura_urbana;musica,; sin app_id Steam
cw-chaco-war,CW: Chaco War,,publicado,escenario,https://store.steampowered.com/app/634810/,https://store.steampowered.com/app/634810/,Candidato Steam app 634810.,descartado,,csv_legacy,,2026-08-03,juego base; jurisdicción: Chaco,escenario,,triage: juego base; jurisdicción: Chaco
cw-chaco-war-demo,CW: Chaco War Demo,,publicado,escenario,https://store.steampowered.com/app/634820/,https://store.steampowered.com/app/634820/,Candidato Steam app 634820.,descartado,,csv_legacy,,2026-08-03,steam auto-descartado; terminos: chaco,escenario,,steam auto-descartado; terminos: chaco
dakar-18-ari-vatanen-peugeot-205-turbo-16,Dakar 18 - Ari Vatanen / Peugeot 205 Turbo 16,,publicado,escenario,https://store.steampowered.com/app/905310/,https://store.steampowered.com/app/905310/,Candidato Steam app 905310.,descartado,,csv_legacy,,2026-08-03,tipo Steam: dlc,escenario,,triage: tipo Steam: dlc
dakar-18-desafio-inca-rally,Dakar 18 - Desafío Inca Rally,,publicado,escenario,https://store.steampowered.com/app/989741/,https://store.steampowered.com/app/989741/,Candidato Steam app 989741.,descartado,,csv_legacy,,2026-08-03,tipo Steam: dlc,escenario,,triage: tipo Steam: dlc
dakar-18-desafio-ruta-40-rally,Dakar 18 - Desafío Ruta 40 Rally,,publicado,escenario,https://store.steampowered.com/app/989740/,https://store.steampowered.com/app/989740/,Candidato Steam app 989740.,descartado,,csv_legacy,,2026-08-03,tipo Steam: dlc,escenario,,triage: tipo Steam: dlc
dakar-desert-rally-audi-rs-q-e-tron-hybrid-car,Dakar Desert Rally - Audi RS Q e-tron Hybrid Car,,publicado,escenario,https://store.steampowered.com/app/2104840/,https://store.steampowered.com/app/2104840/,Candidato Steam app 2104840.,descartado,,csv_legacy,,2026-08-03,tipo Steam: dlc,escenario,,triage: tipo Steam: dlc
dakar-desert-rally-classics-vehicle-pack-1,Dakar Desert Rally - Classics Vehicle Pack #1,,publicado,escenario,https://store.steampowered.com/app/2173080/,https://store.steampowered.com/app/2173080/,Candidato Steam app 2173080.,descartado,,csv_legacy,,2026-08-03,steam auto-descartado; terminos: dakar,escenario,,steam auto-descartado; terminos: dakar
dakar-desert-rally-classics-vehicle-pack-2,Dakar Desert Rally - Classics Vehicle Pack #2,,publicado,escenario,https://store.steampowered.com/app/2173090/,https://store.steampowered.com/app/2173090/,Candidato Steam app 2173090.,descartado,,csv_legacy,,2026-08-03,steam auto-descartado; terminos: dakar,escenario,,steam auto-descartado; terminos: dakar
dakar-desert-rally-hybrid-vehicle-pack,Dakar Desert Rally - Hybrid Vehicle Pack,,publicado,escenario,https://store.steampowered.com/app/2173100/,https://store.steampowered.com/app/2173100/,Candidato Steam app 2173100.,descartado,,csv_legacy,,2026-08-03,steam auto-descartado; terminos: dakar,escenario,,steam auto-descartado; terminos: dakar
dakar-desert-rally-legends-pack,Dakar Desert Rally - Legends Pack,,publicado,escenario,https://store.steampowered.com/app/2154020/,https://store.steampowered.com/app/2154020/,Candidato Steam app 2154020.,descartado,,csv_legacy,,2026-08-03,steam auto-descartado; terminos: dakar,escenario,,steam auto-descartado; terminos: dakar
dakar-desert-rally-saudi-arabia-map-extension,Dakar Desert Rally - Saudi Arabia Map Extension,,publicado,escenario,https://store.steampowered.com/app/2104841/,https://store.steampowered.com/app/2104841/,Candidato Steam app 2104841.,descartado,,csv_legacy,,2026-08-03,tipo Steam: dlc,escenario,,triage: tipo Steam: dlc
dakar-desert-rally-season-pass,Dakar Desert Rally - Season Pass,,publicado,escenario,https://store.steampowered.com/app/2175710/,https://store.steampowered.com/app/2175710/,Candidato Steam app 2175710.,descartado,,csv_legacy,,2026-08-03,tipo Steam: dlc,escenario,,triage: tipo Steam: dlc
dakar-desert-rally-snowrunner-cars-pack,Dakar Desert Rally - SnowRunner Cars Pack,,publicado,escenario,https://store.steampowered.com/app/2307510/,https://store.steampowered.com/app/2307510/,Candidato Steam app 2307510.,descartado,,csv_legacy,,2026-08-03,steam auto-descartado; terminos: dakar,escenario,,steam auto-descartado; terminos: dakar
dakar-desert-rally-snowrunner-trucks-pack,Dakar Desert Rally - SnowRunner Trucks Pack,,publicado,escenario,https://store.steampowered.com/app/2173060/,https://store.steampowered.com/app/2173060/,Candidato Steam app 2173060.,descartado,,csv_legacy,,2026-08-03,steam auto-descartado; terminos: dakar,escenario,,steam auto-descartado; terminos: dakar
dakar-desert-rally-usa-tour,Dakar Desert Rally - USA Tour,,publicado,escenario,https://store.steampowered.com/app/2173110/,https://store.steampowered.com/app/2173110/,Candidato Steam app 2173110.,descartado,,csv_legacy,,2026-08-03,tipo Steam: dlc,escenario,,triage: tipo Steam: dlc
dance-dance-detective,Dance Dance Detective,,publicado,escenario,https://store.steampowered.com/app/4273950/,https://store.steampowered.com/app/4273950/,Candidato Steam app 4273950.,descartado,,csv_legacy,,2026-08-03,juego base; jurisdicción: Ciudad Autónoma de Buenos Aires,escenario,,triage: juego base; jurisdicción: Ciudad Autónoma de Buenos Aires
dance-dance-detective-demo,Dance Dance Detective Demo,,publicado,escenario,https://store.steampowered.com/app/4291260/,https://store.steampowered.com/app/4291260/,Candidato Steam app 4291260.,descartado,,csv_legacy,,2026-08-03,steam auto-descartado; terminos: tango,escenario,,steam auto-descartado; terminos: tango
dark-rage,Dark Rage,1997,publicado,protagonista,https://www.abandonsocios.org/wiki/Conde_Entertainment_Software,,Shoot'em up comercial de la primera ola de videojuegos argentinos junto a Regnum y Malvinas 2032.,descartado,,csv_legacy,,2026-08-03,Primer shoot'em up comercial argentino sin vínculo temático con Argentina (solo origen del desarrollo),protagonista,,
dark-rage-1997,Dark Rage,,,,,,,descartado,,csv_legacy,,2026-08-03,Primer shoot'em up comercial argentino sin vínculo temático con Argentina (solo origen del desarrollo),,,
dcs-ch-47f,DCS: CH-47F,,publicado,escenario,https://store.steampowered.com/app/2943690/,https://store.steampowered.com/app/2943690/,Candidato Steam app 2943690.,descartado,,csv_legacy,,2026-08-03,tipo Steam: dlc,escenario,,triage: tipo Steam: dlc
dcs-mb-339,DCS: MB-339,,publicado,escenario,https://store.steampowered.com/app/2147490/,https://store.steampowered.com/app/2147490/,Candidato Steam app 2147490.,descartado,,csv_legacy,,2026-08-03,tipo Steam: dlc,escenario,,triage: tipo Steam: dlc
dead-by-wheel-battle-royal,Dead by Wheel: Battle Royal,,publicado,escenario,https://store.steampowered.com/app/936770/,https://store.steampowered.com/app/936770/,Candidato Steam app 936770.,descartado,,csv_legacy,,2026-08-03,juego base; jurisdicción: Misiones,escenario,,triage: juego base; jurisdicción: Misiones
dear-future,Dear Future,,publicado,escenario,https://store.steampowered.com/app/1591300/,https://store.steampowered.com/app/1591300/,Candidato Steam app 1591300.,descartado,,csv_legacy,,2026-08-03,juego base; jurisdicción: Santa Cruz,escenario,,triage: juego base; jurisdicción: Santa Cruz
death-skid-marks,Death Skid Marks,,publicado,escenario,https://store.steampowered.com/app/326150/,https://store.steampowered.com/app/326150/,Candidato Steam app 326150.,descartado,,csv_legacy,,2026-08-03,juego base; jurisdicción: Ciudad Autónoma de Buenos Aires,escenario,,triage: juego base; jurisdicción: Ciudad Autónoma de Buenos Aires
death-skid-marks-soundtrack,Death Skid Marks Soundtrack,,publicado,escenario,https://store.steampowered.com/app/326300/,https://store.steampowered.com/app/326300/,Candidato Steam app 326300.,descartado,,csv_legacy,,2026-08-03,steam auto-descartado; terminos: tango,escenario,,steam auto-descartado; terminos: tango
debate-mortal,Debate Mortal,2019,publicado,protagonista,https://archive.org/search?query=debate+mortal+argentina,,Flash/HTML5: Macri vs Cristina vs Alberto.,descartado,,csv_legacy,,2026-08-03,sensibilidad alta; verificar URL; sin app_id Steam,protagonista,politica;satira,sensibilidad alta; verificar URL; sin app_id Steam
design-it-drive-it-speedboats,"Design it, Drive it : Speedboats",,publicado,escenario,https://store.steampowered.com/app/501090/,https://store.steampowered.com/app/501090/,Candidato Steam app 501090.,descartado,,csv_legacy,,2026-08-03,juego base; jurisdicción: San Juan,escenario,,triage: juego base; jurisdicción: San Juan
desktop-mate,Desktop Mate,,publicado,escenario,https://store.steampowered.com/app/3301060/,https://store.steampowered.com/app/3301060/,Candidato Steam app 3301060.,descartado,,csv_legacy,,2026-08-03,juego base; solo ruido mate/tango/santa fe,escenario,,triage: juego base; solo ruido mate/tango/santa fe
desktop-mate-cinnamoroll-dlc,Desktop Mate CINNAMOROLL DLC,,publicado,escenario,https://store.steampowered.com/app/4145040/,https://store.steampowered.com/app/4145040/,Candidato Steam app 4145040.,descartado,,csv_legacy,,2026-08-03,steam auto-descartado; terminos: mate,escenario,,steam auto-descartado; terminos: mate
desktop-mate-gumi-dlc,Desktop Mate GUMI DLC,,publicado,escenario,https://store.steampowered.com/app/4145000/,https://store.steampowered.com/app/4145000/,Candidato Steam app 4145000.,descartado,,csv_legacy,,2026-08-03,steam auto-descartado; terminos: mate,escenario,,steam auto-descartado; terminos: mate
desktop-mate-hanakuma-chifuyu-dlc,Desktop Mate Hanakuma Chifuyu DLC,,publicado,escenario,https://store.steampowered.com/app/3941630/,https://store.steampowered.com/app/3941630/,Candidato Steam app 3941630.,descartado,,csv_legacy,,2026-08-03,steam auto-descartado; terminos: mate,escenario,,steam auto-descartado; terminos: mate
desktop-mate-hello-kitty-dlc,Desktop Mate HELLO KITTY DLC,,publicado,escenario,https://store.steampowered.com/app/4145070/,https://store.steampowered.com/app/4145070/,Candidato Steam app 4145070.,descartado,,csv_legacy,,2026-08-03,steam auto-descartado; terminos: mate,escenario,,steam auto-descartado; terminos: mate
desktop-mate-kagamine-len-dlc,Desktop Mate Kagamine Len DLC,,publicado,escenario,https://store.steampowered.com/app/4018700/,https://store.steampowered.com/app/4018700/,Candidato Steam app 4018700.,descartado,,csv_legacy,,2026-08-03,steam auto-descartado; terminos: mate,escenario,,steam auto-descartado; terminos: mate
desktop-mate-kagamine-rin-dlc,Desktop Mate Kagamine Rin DLC,,publicado,escenario,https://store.steampowered.com/app/4018690/,https://store.steampowered.com/app/4018690/,Candidato Steam app 4018690.,descartado,,csv_legacy,,2026-08-03,steam auto-descartado; terminos: mate,escenario,,steam auto-descartado; terminos: mate
desktop-mate-kaito-dlc,Desktop Mate KAITO DLC,,publicado,escenario,https://store.steampowered.com/app/4791000/,https://store.steampowered.com/app/4791000/,Candidato Steam app 4791000.,descartado,,csv_legacy,,2026-08-03,steam auto-descartado; terminos: mate,escenario,,steam auto-descartado; terminos: mate
desktop-mate-kasukabe-tsumugi-dlc,Desktop Mate Kasukabe Tsumugi DLC,,publicado,escenario,https://store.steampowered.com/app/4640430/,https://store.steampowered.com/app/4640430/,Candidato Steam app 4640430.,descartado,,csv_legacy,,2026-08-03,steam auto-descartado; terminos: mate,escenario,,steam auto-descartado; terminos: mate
desktop-mate-kizuna-ai-dlc,Desktop Mate Kizuna AI DLC,,publicado,escenario,https://store.steampowered.com/app/4745480/,https://store.steampowered.com/app/4745480/,Candidato Steam app 4745480.,descartado,,csv_legacy,,2026-08-03,steam auto-descartado; terminos: mate,escenario,,steam auto-descartado; terminos: mate
desktop-mate-kizuna-akari-dlc,Desktop Mate Kizuna Akari DLC,,publicado,escenario,https://store.steampowered.com/app/4018680/,https://store.steampowered.com/app/4018680/,Candidato Steam app 4018680.,descartado,,csv_legacy,,2026-08-03,steam auto-descartado; terminos: mate,escenario,,steam auto-descartado; terminos: mate
desktop-mate-kotonoha-akane-dlc,Desktop Mate Kotonoha Akane DLC,,publicado,escenario,https://store.steampowered.com/app/4474310/,https://store.steampowered.com/app/4474310/,Candidato Steam app 4474310.,descartado,,csv_legacy,,2026-08-03,steam auto-descartado; terminos: mate,escenario,,steam auto-descartado; terminos: mate
desktop-mate-kotonoha-aoi-dlc,Desktop Mate Kotonoha Aoi DLC,,publicado,escenario,https://store.steampowered.com/app/4474320/,https://store.steampowered.com/app/4474320/,Candidato Steam app 4474320.,descartado,,csv_legacy,,2026-08-03,steam auto-descartado; terminos: mate,escenario,,steam auto-descartado; terminos: mate
desktop-mate-kuromi-dlc,Desktop Mate KUROMI DLC,,publicado,escenario,https://store.steampowered.com/app/4145060/,https://store.steampowered.com/app/4145060/,Candidato Steam app 4145060.,descartado,,csv_legacy,,2026-08-03,steam auto-descartado; terminos: mate,escenario,,steam auto-descartado; terminos: mate
desktop-mate-meiko-dlc,Desktop Mate MEIKO DLC,,publicado,escenario,https://store.steampowered.com/app/4791010/,https://store.steampowered.com/app/4791010/,Candidato Steam app 4791010.,descartado,,csv_legacy,,2026-08-03,steam auto-descartado; terminos: mate,escenario,,steam auto-descartado; terminos: mate
desktop-mate-my-melody-dlc,Desktop Mate MY MELODY DLC,,publicado,escenario,https://store.steampowered.com/app/4145080/,https://store.steampowered.com/app/4145080/,Candidato Steam app 4145080.,descartado,,csv_legacy,,2026-08-03,steam auto-descartado; terminos: mate,escenario,,steam auto-descartado; terminos: mate
desktop-mate-needy-streamer-overload-ame-chan-dlc,Desktop Mate NEEDY STREAMER OVERLOAD Ame-chan DLC,,publicado,escenario,https://store.steampowered.com/app/3941620/,https://store.steampowered.com/app/3941620/,Candidato Steam app 3941620.,descartado,,csv_legacy,,2026-08-03,steam auto-descartado; terminos: mate,escenario,,steam auto-descartado; terminos: mate
desktop-mate-needy-streamer-overload-omgkawaiiangel-dlc,Desktop Mate NEEDY STREAMER OVERLOAD OMGkawaiiAngel DLC,,publicado,escenario,https://store.steampowered.com/app/3941610/,https://store.steampowered.com/app/3941610/,Candidato Steam app 3941610.,descartado,,csv_legacy,,2026-08-03,steam auto-descartado; terminos: mate,escenario,,steam auto-descartado; terminos: mate
desktop-mate-otomachi-una-dlc,Desktop Mate Otomachi Una DLC,,publicado,escenario,https://store.steampowered.com/app/4640380/,https://store.steampowered.com/app/4640380/,Candidato Steam app 4640380.,descartado,,csv_legacy,,2026-08-03,steam auto-descartado; terminos: mate,escenario,,steam auto-descartado; terminos: mate
desktop-mate-pochacco-dlc,Desktop Mate POCHACCO DLC,,publicado,escenario,https://store.steampowered.com/app/4145050/,https://store.steampowered.com/app/4145050/,Candidato Steam app 4145050.,descartado,,csv_legacy,,2026-08-03,steam auto-descartado; terminos: mate,escenario,,steam auto-descartado; terminos: mate
desktop-mate-pompompurin-dlc,Desktop Mate POMPOMPURIN DLC,,publicado,escenario,https://store.steampowered.com/app/4145030/,https://store.steampowered.com/app/4145030/,Candidato Steam app 4145030.,descartado,,csv_legacy,,2026-08-03,steam auto-descartado; terminos: mate,escenario,,steam auto-descartado; terminos: mate
desktop-mate-snow-miku-2026-ver-dlc,Desktop Mate SNOW MIKU 2026 Ver. DLC,,publicado,escenario,https://store.steampowered.com/app/4018720/,https://store.steampowered.com/app/4018720/,Candidato Steam app 4018720.,descartado,,csv_legacy,,2026-08-03,steam auto-descartado; terminos: mate,escenario,,steam auto-descartado; terminos: mate
desktop-mate-snow-miku-jr-tower-ver-dlc,Desktop Mate SNOW MIKU JR Tower Ver. DLC,,publicado,escenario,https://store.steampowered.com/app/4145020/,https://store.steampowered.com/app/4145020/,Candidato Steam app 4145020.,descartado,,csv_legacy,,2026-08-03,steam auto-descartado; terminos: mate,escenario,,steam auto-descartado; terminos: mate
desktop-mate-touhou-project-hakurei-reimu-dlc,Desktop Mate Touhou Project Hakurei Reimu DLC,,publicado,escenario,https://store.steampowered.com/app/4018660/,https://store.steampowered.com/app/4018660/,Candidato Steam app 4018660.,descartado,,csv_legacy,,2026-08-03,steam auto-descartado; terminos: mate,escenario,,steam auto-descartado; terminos: mate
desktop-mate-touhou-project-kirisame-marisa-dlc,Desktop Mate Touhou Project Kirisame Marisa DLC,,publicado,escenario,https://store.steampowered.com/app/4018670/,https://store.steampowered.com/app/4018670/,Candidato Steam app 4018670.,descartado,,csv_legacy,,2026-08-03,steam auto-descartado; terminos: mate,escenario,,steam auto-descartado; terminos: mate
desktop-mate-touhou-project-yukkuri-marisa-dlc,Desktop Mate Touhou Project Yukkuri Marisa DLC,,publicado,escenario,https://store.steampowered.com/app/4270570/,https://store.steampowered.com/app/4270570/,Candidato Steam app 4270570.,descartado,,csv_legacy,,2026-08-03,steam auto-descartado; terminos: mate,escenario,,steam auto-descartado; terminos: mate
desktop-mate-touhou-project-yukkuri-reimu-dlc,Desktop Mate Touhou Project Yukkuri Reimu DLC,,publicado,escenario,https://store.steampowered.com/app/4161240/,https://store.steampowered.com/app/4161240/,Candidato Steam app 4161240.,descartado,,csv_legacy,,2026-08-03,steam auto-descartado; terminos: mate,escenario,,steam auto-descartado; terminos: mate
desktop-mate-work-cat-dlc,Desktop Mate Work Cat DLC,,publicado,escenario,https://store.steampowered.com/app/4145010/,https://store.steampowered.com/app/4145010/,Candidato Steam app 4145010.,descartado,,csv_legacy,,2026-08-03,steam auto-descartado; terminos: mate,escenario,,steam auto-descartado; terminos: mate
desktop-mate-yuzuki-yukari-dlc,Desktop Mate Yuzuki Yukari DLC,,publicado,escenario,https://store.steampowered.com/app/3941640/,https://store.steampowered.com/app/3941640/,Candidato Steam app 3941640.,descartado,,csv_legacy,,2026-08-03,steam auto-descartado; terminos: mate,escenario,,steam auto-descartado; terminos: mate
detective-tales-a-study-in-scarlet,Detective tales: A Study in Scarlet,,publicado,escenario,https://store.steampowered.com/app/2127550/,https://store.steampowered.com/app/2127550/,Candidato Steam app 2127550.,descartado,,csv_legacy,,2026-08-03,juego base; jurisdicción: Ciudad Autónoma de Buenos Aires,escenario,,triage: juego base; jurisdicción: Ciudad Autónoma de Buenos Aires
difunta-correa,Difunta Correa,,prototipo,protagonista,https://itch.io/search?q=difunta+correa,,Leyenda sanjuanina en formato narrativo.,descartado,,csv_legacy,,2026-08-03,; sin app_id Steam,protagonista,folclore,; sin app_id Steam
digital-mate,Digital Mate,,publicado,escenario,https://store.steampowered.com/app/2488350/,https://store.steampowered.com/app/2488350/,Candidato Steam app 2488350.,descartado,,csv_legacy,,2026-08-03,juego base; solo ruido mate/tango/santa fe,escenario,,triage: juego base; solo ruido mate/tango/santa fe
dirt-5-wild-spirits-pack,DIRT 5 - Wild Spirits Pack,,publicado,escenario,https://store.steampowered.com/app/1690420/,https://store.steampowered.com/app/1690420/,Candidato Steam app 1690420.,descartado,,csv_legacy,,2026-08-03,steam auto-descartado; terminos: dakar,escenario,,steam auto-descartado; terminos: dakar
disco-inferno-the-trammps,Disco Inferno - The Trammps,,publicado,escenario,https://store.steampowered.com/app/516710/,https://store.steampowered.com/app/516710/,Candidato Steam app 516710.,descartado,,csv_legacy,,2026-08-03,tipo Steam: dlc,escenario,,triage: tipo Steam: dlc
dollhouse-of-dead,Dollhouse of Dead,,publicado,escenario,https://store.steampowered.com/app/2977810/,https://store.steampowered.com/app/2977810/,Candidato Steam app 2977810.,descartado,,csv_legacy,,2026-08-03,juego base; solo ruido mate/tango/santa fe,escenario,,triage: juego base; solo ruido mate/tango/santa fe
dome-discover-soundtrack,Dome Discover Soundtrack,,publicado,escenario,https://store.steampowered.com/app/1483070/,https://store.steampowered.com/app/1483070/,Candidato Steam app 1483070.,descartado,,csv_legacy,,2026-08-03,steam auto-descartado; título indica demo/dlc/pack/skin,escenario,,steam auto-descartado; título indica demo/dlc/pack/skin
doom-survivor-horde-rush,Doom Survivor: Horde Rush,,publicado,escenario,https://store.steampowered.com/app/4520940/,https://store.steampowered.com/app/4520940/,Candidato Steam app 4520940.,descartado,,csv_legacy,,2026-08-03,triage: juego base; jurisdicción: Misiones,escenario,,triage: juego base; jurisdicción: Misiones
door-kickers-action-squad,Door Kickers: Action Squad,,publicado,escenario,https://store.steampowered.com/app/686200/,https://store.steampowered.com/app/686200/,Candidato Steam app 686200.,descartado,,csv_legacy,,2026-08-03,juego base; solo ruido mate/tango/santa fe,escenario,,triage: juego base; solo ruido mate/tango/santa fe
dream-pinball-3d-soundtrack,Dream Pinball 3D Soundtrack,,publicado,escenario,https://store.steampowered.com/app/3070990/,https://store.steampowered.com/app/3070990/,Candidato Steam app 3070990.,descartado,,csv_legacy,,2026-08-03,steam auto-descartado; terminos: tango,escenario,,steam auto-descartado; terminos: tango
dying-breed-soundtrack,Dying Breed Soundtrack,,publicado,escenario,https://store.steampowered.com/app/4053180/,https://store.steampowered.com/app/4053180/,Candidato Steam app 4053180.,descartado,,csv_legacy,,2026-08-03,steam auto-descartado; terminos: argentina,escenario,,steam auto-descartado; terminos: argentina
efootball-pes-2021,eFootball PES 2021,2020,publicado,deporte,exclusion,,Selección entre muchas.,descartado,,csv_legacy,,2026-08-03,Selección argentina entre decenas de equipos internacionales; no es eje central,deporte,deporte,no cumple criterio
el-eternauta,El Eternauta,,en_desarrollo,protagonista,https://www.mobygames.com/search?q=eternauta,,Adaptaciones y fan games del cómic de Oesterheld.,descartado,,csv_legacy,,2026-08-03,sensibilidad media; sin app_id Steam,protagonista,historieta;memoria,sensibilidad media; sin app_id Steam
el-familiar,El Familiar,,prototipo,protagonista,https://itch.io/search?q=el+familiar+argentina,,Leyenda salteña del pacto con el diablo.,descartado,,csv_legacy,,2026-08-03,; sin app_id Steam,protagonista,folclore,; sin app_id Steam
el-gaucho-martin-fierro-demo,El gaucho Martín Fierro Demo,,publicado,escenario,https://store.steampowered.com/app/3629960/,https://store.steampowered.com/app/3629960/,Candidato Steam app 3629960.,descartado,,csv_legacy,,2026-08-03,steam auto-descartado; terminos: gaucho,escenario,,steam auto-descartado; terminos: gaucho
eon-altar,Eon Altar,,publicado,escenario,https://store.steampowered.com/app/382050/,https://store.steampowered.com/app/382050/,Candidato Steam app 382050.,descartado,,csv_legacy,,2026-08-03,juego base; jurisdicción: Salta,escenario,,triage: juego base; jurisdicción: Salta
escoba-del-15,Escoba del 15,,publicado,escenario+protagonista,https://mobbyt.com/,,Juego de naipes argentino digital.,descartado,,csv_legacy,,2026-08-03,; sin app_id Steam,mixto,juegos_tradicionales,; sin app_id Steam
esma-memoria-virtual,ESMA: Memoria Virtual,,prototipo,escenario,https://itch.io/search?q=esma+argentina,,Juegos sobre memoria de la dictadura.,descartado,,csv_legacy,,2026-08-03,sensibilidad alta; sin app_id Steam,escenario,memoria,sensibilidad alta; sin app_id Steam
estudiantes-camino-a-la-libertadores,Estudiantes: Camino a la Libertadores,,publicado,deporte,https://archive.org/search?query=futbol+argentino+juego,,Juegos promocionales de clubes.,descartado,,csv_legacy,,2026-08-03,verificar; sin app_id Steam,deporte,deporte,verificar; sin app_id Steam
expansion-europa-universalis-iv-el-dorado,Expansion - Europa Universalis IV: El Dorado,,publicado,escenario,https://store.steampowered.com/app/338160/,https://store.steampowered.com/app/338160/,Candidato Steam app 338160.,descartado,,csv_legacy,,2026-08-03,steam auto-descartado; título indica demo/dlc/pack/skin,escenario,,steam auto-descartado; título indica demo/dlc/pack/skin
fantasy-grounds-latin-american-monsters,Fantasy Grounds - Latin American Monsters,,publicado,escenario,https://store.steampowered.com/app/2728210/,https://store.steampowered.com/app/2728210/,Candidato Steam app 2728210.,descartado,,csv_legacy,,2026-08-03,tipo Steam: dlc,escenario,,triage: tipo Steam: dlc
far-cry-5-hours-of-darkness,Far Cry® 5 - Hours of Darkness,,publicado,escenario,https://store.steampowered.com/app/761821/,https://store.steampowered.com/app/761821/,Candidato Steam app 761821.,descartado,,csv_legacy,,2026-08-03,tipo Steam: dlc,escenario,,triage: tipo Steam: dlc
farm-manager-world-flags-pack,Farm Manager World - Flags Pack,,publicado,escenario,https://store.steampowered.com/app/4420940/,https://store.steampowered.com/app/4420940/,Candidato Steam app 4420940.,descartado,,csv_legacy,,2026-08-03,steam auto-descartado; terminos: argentina,escenario,,steam auto-descartado; terminos: argentina
feodika,Feodika,,publicado,escenario,https://store.steampowered.com/app/3634470/,https://store.steampowered.com/app/3634470/,Candidato Steam app 3634470.,descartado,,csv_legacy,,2026-08-03,juego base; jurisdicción: Córdoba,escenario,,triage: juego base; jurisdicción: Córdoba
fifa-22,FIFA 22,,publicado,escenario,https://store.steampowered.com/app/1506830/,https://store.steampowered.com/app/1506830/,Candidato Steam app 1506830.,descartado,,csv_legacy,,2026-08-03,deporte internacional genérico sin foco AR,escenario,,triage: deporte internacional genérico sin foco AR
fifa-23,FIFA 23,2022,publicado,deporte,exclusion,,Argentina solo como selección.,descartado,,csv_legacy,,2026-08-03,Argentina es una selección entre muchas; no cumple criterio deporte central,deporte,deporte,no cumple criterio
fifa-street-caminito-descartado,FIFA Street Caminito,,publicado,escenario,investigacion_web,multi,Nivel La Boca,descartado,,csv_legacy,,2026-08-03,; sin app_id Steam,escenario,,; sin app_id Steam
finnish-army-simulator,Finnish Army Simulator,,publicado,escenario,https://store.steampowered.com/app/1184250/,https://store.steampowered.com/app/1184250/,Candidato Steam app 1184250.,descartado,,csv_legacy,,2026-08-03,juego base; solo ruido mate/tango/santa fe,escenario,,triage: juego base; solo ruido mate/tango/santa fe
fire-and-maneuver-expansion-american-civil-war,Fire and Maneuver | Expansion: American Civil War,,publicado,escenario,https://store.steampowered.com/app/2020070/,https://store.steampowered.com/app/2020070/,Candidato Steam app 2020070.,descartado,,csv_legacy,,2026-08-03,steam auto-descartado; título indica demo/dlc/pack/skin,escenario,,steam auto-descartado; título indica demo/dlc/pack/skin
fire-place,Fire Place,,publicado,escenario,https://store.steampowered.com/app/933080/,https://store.steampowered.com/app/933080/,Candidato Steam app 933080.,descartado,,csv_legacy,,2026-08-03,juego base; jurisdicción: Santa Fe,escenario,,triage: juego base; jurisdicción: Santa Fe
flatspace-music-pack-2,Flatspace Music Pack 2,,publicado,escenario,https://store.steampowered.com/app/2977730/,https://store.steampowered.com/app/2977730/,Candidato Steam app 2977730.,descartado,,csv_legacy,,2026-08-03,steam auto-descartado; terminos: tango,escenario,,steam auto-descartado; terminos: tango
football-club-simulator-fcs-21,Football Club Simulator - FCS #21,,publicado,escenario,https://store.steampowered.com/app/324090/,https://store.steampowered.com/app/324090/,Candidato Steam app 324090.,descartado,,csv_legacy,,2026-08-03,deporte internacional genérico sin foco AR,escenario,,triage: deporte internacional genérico sin foco AR
formosa-night-market-vr-arcade-by-taiwan,Formosa Night Market VR Arcade(by Taiwan),,publicado,escenario,https://store.steampowered.com/app/1456490/,https://store.steampowered.com/app/1456490/,Candidato Steam app 1456490.,descartado,,csv_legacy,,2026-08-03,juego base; jurisdicción: Formosa,escenario,,triage: juego base; jurisdicción: Formosa
four-elite-warriors-demo,Four Elite Warriors Demo,,publicado,escenario,https://store.steampowered.com/app/3980200/,https://store.steampowered.com/app/3980200/,Candidato Steam app 3980200.,descartado,,csv_legacy,,2026-08-03,steam auto-descartado; terminos: argentina,escenario,,steam auto-descartado; terminos: argentina
fran-bow-original-soundtrack,Fran Bow - Original Soundtrack,,publicado,escenario,https://store.steampowered.com/app/404840/,https://store.steampowered.com/app/404840/,Candidato Steam app 404840.,descartado,,csv_legacy,,2026-08-03,steam auto-descartado; terminos: tango,escenario,,steam auto-descartado; terminos: tango
fran-bow-soundtrack-remastered,Fran Bow - Soundtrack Remastered,,publicado,escenario,https://store.steampowered.com/app/1124030/,https://store.steampowered.com/app/1124030/,Candidato Steam app 1124030.,descartado,,csv_legacy,,2026-08-03,steam auto-descartado; terminos: tango,escenario,,steam auto-descartado; terminos: tango
freeze-tag-fun-pack-1,Freeze Tag Fun Pack #1,,publicado,escenario,https://store.steampowered.com/app/39391/,https://store.steampowered.com/app/39391/,Candidato Steam app 39391.,descartado,,csv_legacy,,2026-08-03,steam auto-descartado; terminos: tango,escenario,,steam auto-descartado; terminos: tango
fsx-steam-edition-toposim-south-america,FSX Steam Edition: Toposim South America,,publicado,escenario,https://store.steampowered.com/app/609823/,https://store.steampowered.com/app/609823/,Candidato Steam app 609823.,descartado,,csv_legacy,,2026-08-03,tipo Steam: dlc,escenario,,triage: tipo Steam: dlc
fsx-steam-edition-friday-harbor-kfhr-add-on,FSX: Steam Edition - Friday Harbor (KFHR) Add-On,,publicado,escenario,https://store.steampowered.com/app/379235/,https://store.steampowered.com/app/379235/,Candidato Steam app 379235.,descartado,,csv_legacy,,2026-08-03,tipo Steam: dlc,escenario,,triage: tipo Steam: dlc
futbol-5-j2me,Fútbol 5 J2ME,,publicado,deporte,https://archive.org/search?query=futbol+5+java+argentina,,Juegos de fulbito para feature phones.,descartado,,csv_legacy,,2026-08-03,; sin app_id Steam,deporte,deporte;cultura_urbana,; sin app_id Steam
game-mate,Game Mate,,publicado,escenario,https://store.steampowered.com/app/4015330/,https://store.steampowered.com/app/4015330/,Candidato Steam app 4015330.,descartado,,csv_legacy,,2026-08-03,juego base; solo ruido mate/tango/santa fe,escenario,,triage: juego base; solo ruido mate/tango/santa fe
gauchito-gil-el-santo-gaucho,Gauchito Gil: El Santo Gaucho,,prototipo,protagonista,https://itch.io/search?q=gauchito+gil,,Juegos fan sobre el santo popular.,descartado,,csv_legacy,,2026-08-03,verificar cuál incluir; sin app_id Steam,protagonista,folclore,verificar cuál incluir; sin app_id Steam
gaucho-and-the-grassland-demo,Gaucho and the Grassland Demo,,publicado,escenario,https://store.steampowered.com/app/2464930/,https://store.steampowered.com/app/2464930/,Candidato Steam app 2464930.,descartado,,csv_legacy,,2026-08-03,steam auto-descartado; terminos: gaucho,escenario,,steam auto-descartado; terminos: gaucho
gaucho-and-the-grassland-soundtrack,Gaucho and the Grassland Soundtrack,,publicado,escenario,https://store.steampowered.com/app/3876220/,https://store.steampowered.com/app/3876220/,Candidato Steam app 3876220.,descartado,,csv_legacy,,2026-08-03,steam auto-descartado; terminos: gaucho,escenario,,steam auto-descartado; terminos: gaucho
generala-online,Generala Online,,publicado,escenario,https://mobbyt.com/,,Dados generala en versión web.,descartado,,csv_legacy,,2026-08-03,; sin app_id Steam,escenario,juegos_tradicionales,; sin app_id Steam
ghostwire-tokyo,Ghostwire: Tokyo,,publicado,escenario,https://store.steampowered.com/app/1475810/,https://store.steampowered.com/app/1475810/,Candidato Steam app 1475810.,descartado,,csv_legacy,,2026-08-03,juego base; jurisdicción: Ciudad Autónoma de Buenos Aires,escenario,,triage: juego base; jurisdicción: Ciudad Autónoma de Buenos Aires
ghostwire-tokyo-deluxe-upgrade,Ghostwire: Tokyo - Deluxe Upgrade,,publicado,escenario,https://store.steampowered.com/app/1702820/,https://store.steampowered.com/app/1702820/,Candidato Steam app 1702820.,descartado,,csv_legacy,,2026-08-03,steam auto-descartado; terminos: tango,escenario,,steam auto-descartado; terminos: tango
ghostwire-tokyo-prelude,Ghostwire: Tokyo - Prelude,,publicado,escenario,https://store.steampowered.com/app/1817250/,https://store.steampowered.com/app/1817250/,Candidato Steam app 1817250.,descartado,,csv_legacy,,2026-08-03,triage: juego base; jurisdicción: Ciudad Autónoma de Buenos Aires,escenario,,triage: juego base; jurisdicción: Ciudad Autónoma de Buenos Aires
ghostwire-tokyo-spider-s-thread-soundtrack,Ghostwire: Tokyo - Spider's Thread Soundtrack,,publicado,escenario,https://store.steampowered.com/app/2650130/,https://store.steampowered.com/app/2650130/,Candidato Steam app 2650130.,descartado,,csv_legacy,,2026-08-03,steam auto-descartado; terminos: tango,escenario,,steam auto-descartado; terminos: tango
ghostwire-tokyo-original-game-soundtrack,Ghostwire: Tokyo Original Game Soundtrack,,publicado,escenario,https://store.steampowered.com/app/1944840/,https://store.steampowered.com/app/1944840/,Candidato Steam app 1944840.,descartado,,csv_legacy,,2026-08-03,steam auto-descartado; terminos: tango,escenario,,steam auto-descartado; terminos: tango
glass-original-soundtrack,GLASS Original Soundtrack,,publicado,escenario,https://store.steampowered.com/app/1488270/,https://store.steampowered.com/app/1488270/,Candidato Steam app 1488270.,descartado,,csv_legacy,,2026-08-03,steam auto-descartado; terminos: tango,escenario,,steam auto-descartado; terminos: tango
golf-gang,Golf Gang,,publicado,escenario,https://store.steampowered.com/app/1151050/,https://store.steampowered.com/app/1151050/,Candidato Steam app 1151050.,descartado,,csv_legacy,,2026-08-03,juego base; solo ruido mate/tango/santa fe,escenario,,triage: juego base; solo ruido mate/tango/santa fe
good-pizza-great-pizza-cooking-simulator-game,"Good Pizza, Great Pizza - Cooking Simulator Game",,publicado,escenario,https://store.steampowered.com/app/770810/,https://store.steampowered.com/app/770810/,Candidato Steam app 770810.,descartado,,csv_legacy,,2026-08-03,triage: juego base; solo ruido mate/tango/santa fe,escenario,,triage: juego base; solo ruido mate/tango/santa fe
goose-evolution,Goose Evolution,,publicado,escenario,https://store.steampowered.com/app/4382250/,https://store.steampowered.com/app/4382250/,Candidato Steam app 4382250.,descartado,,csv_legacy,,2026-08-03,juego base; jurisdicción: Misiones,escenario,,triage: juego base; jurisdicción: Misiones
greedfall-the-dying-world,GreedFall: The Dying World,,publicado,escenario,https://store.steampowered.com/app/1997660/,https://store.steampowered.com/app/1997660/,Candidato Steam app 1997660.,descartado,,csv_legacy,,2026-08-03,juego base; solo ruido mate/tango/santa fe,escenario,,triage: juego base; solo ruido mate/tango/santa fe
gremlins-inc,"Gremlins, Inc.",,publicado,escenario,https://store.steampowered.com/app/369990/,https://store.steampowered.com/app/369990/,Candidato Steam app 369990.,descartado,,csv_legacy,,2026-08-03,juego base; jurisdicción: Ciudad Autónoma de Buenos Aires,escenario,,triage: juego base; jurisdicción: Ciudad Autónoma de Buenos Aires
gremlins-inc-agents-of-chaos,"Gremlins, Inc. – Agents of Chaos",,publicado,escenario,https://store.steampowered.com/app/1438000/,https://store.steampowered.com/app/1438000/,Candidato Steam app 1438000.,descartado,,csv_legacy,,2026-08-03,tipo Steam: dlc,escenario,,triage: tipo Steam: dlc
gremlins-inc-cards-projects,"Gremlins, Inc. – Cards & Projects",,publicado,escenario,https://store.steampowered.com/app/860560/,https://store.steampowered.com/app/860560/,Candidato Steam app 860560.,descartado,,csv_legacy,,2026-08-03,juego base; jurisdicción: Ciudad Autónoma de Buenos Aires,escenario,,triage: juego base; jurisdicción: Ciudad Autónoma de Buenos Aires
gremlins-inc-figuras-famosas,"Gremlins, Inc. – Figuras famosas",,,,,,,descartado,,csv_legacy,,2026-08-03,tipo Steam: dlc,,,
gremlins-inc-original-soundtrack,"Gremlins, Inc. – Original Soundtrack",,publicado,escenario,https://store.steampowered.com/app/459851/,https://store.steampowered.com/app/459851/,Candidato Steam app 459851.,descartado,,csv_legacy,,2026-08-03,"steam auto-descartado; terminos: argentina,tango",escenario,,"steam auto-descartado; terminos: argentina,tango"
gremlins-inc-apuestas-strales,"Gremlins, Inc. – Apuestas аstrales",,,,,,,descartado,,csv_legacy,,2026-08-03,tipo Steam: dlc,,,
gremlins-inc-astral-gamblers,"Gremlins, Inc. – Astral Gamblers",,publicado,escenario,https://store.steampowered.com/app/459853/,https://store.steampowered.com/app/459853/,Candidato Steam app 459853.,descartado,,csv_legacy,,2026-08-03,triage: tipo Steam: dlc,escenario,,triage: tipo Steam: dlc
gremlins-inc-automated-competitors,"Gremlins, Inc. – Automated Competitors",,publicado,escenario,https://store.steampowered.com/app/459852/,https://store.steampowered.com/app/459852/,Candidato Steam app 459852.,descartado,,csv_legacy,,2026-08-03,triage: tipo Steam: dlc,escenario,,triage: tipo Steam: dlc
gremlins-inc-card-game-print-play-set,"Gremlins, Inc. – Card Game, Print & Play Set",,publicado,escenario,https://store.steampowered.com/app/748260/,https://store.steampowered.com/app/748260/,Candidato Steam app 748260.,descartado,,csv_legacy,,2026-08-03,triage: tipo Steam: dlc,escenario,,triage: tipo Steam: dlc
gremlins-inc-competidores-mecanicos,"Gremlins, Inc. – Competidores mecánicos",,,,,,,descartado,,csv_legacy,,2026-08-03,tipo Steam: dlc,,,
gremlins-inc-digital-artbook,"Gremlins, Inc. – Digital Artbook",,publicado,escenario,https://store.steampowered.com/app/459850/,https://store.steampowered.com/app/459850/,Candidato Steam app 459850.,descartado,,csv_legacy,,2026-08-03,triage: tipo Steam: dlc,escenario,,triage: tipo Steam: dlc
gremlins-inc-dlc-con-el-juego-de-cartas-en-version-print-play,"Gremlins, Inc. – DLC CON EL JUEGO DE CARTAS EN VERSIÓN PRINT & PLAY",,,,,,,descartado,,csv_legacy,,2026-08-03,tipo Steam: dlc,,,
gremlins-inc-famous-figures,"Gremlins, Inc. – Famous Figures",,publicado,escenario,https://store.steampowered.com/app/723650/,https://store.steampowered.com/app/723650/,Candidato Steam app 723650.,descartado,,csv_legacy,,2026-08-03,triage: tipo Steam: dlc,escenario,,triage: tipo Steam: dlc
gremlins-inc-invitados-inesperados,"Gremlins, Inc. – Invitados inesperados",,,,,,,descartado,,csv_legacy,,2026-08-03,tipo Steam: dlc,,,
gremlins-inc-libro-de-arte,"Gremlins, Inc. – Libro de arte",,,,,,,descartado,,csv_legacy,,2026-08-03,tipo Steam: dlc,,,
gremlins-inc-uninvited-guests,"Gremlins, Inc. – Uninvited Guests",,publicado,escenario,https://store.steampowered.com/app/458160/,https://store.steampowered.com/app/458160/,Candidato Steam app 458160.,descartado,,csv_legacy,,2026-08-03,triage: tipo Steam: dlc,escenario,,triage: tipo Steam: dlc
guess-the-flag-demo,Guess the Flag! Demo,,publicado,escenario,https://store.steampowered.com/app/3204870/,https://store.steampowered.com/app/3204870/,Candidato Steam app 3204870.,descartado,,csv_legacy,,2026-08-03,steam auto-descartado; título indica demo/dlc/pack/skin,escenario,,steam auto-descartado; título indica demo/dlc/pack/skin
guitar-practice-mate,Guitar Practice Mate,,publicado,escenario,https://store.steampowered.com/app/4629450/,https://store.steampowered.com/app/4629450/,Candidato Steam app 4629450.,descartado,,csv_legacy,,2026-08-03,juego base; solo ruido mate/tango/santa fe,escenario,,triage: juego base; solo ruido mate/tango/santa fe
guitar-practice-mate-demo,Guitar Practice Mate Demo,,publicado,escenario,https://store.steampowered.com/app/4697260/,https://store.steampowered.com/app/4697260/,Candidato Steam app 4697260.,descartado,,csv_legacy,,2026-08-03,steam auto-descartado; terminos: mate,escenario,,steam auto-descartado; terminos: mate
halo-reach,Halo: Reach,,publicado,escenario,https://store.steampowered.com/app/1064220/,https://store.steampowered.com/app/1064220/,Candidato Steam app 1064220.,descartado,,csv_legacy,,2026-08-03,tipo Steam: dlc,escenario,,triage: tipo Steam: dlc
haneholo-standard-edition-upgrade-dlc,HANEHOLO! : Standard Edition Upgrade DLC,,publicado,escenario,https://store.steampowered.com/app/2978730/,https://store.steampowered.com/app/2978730/,Candidato Steam app 2978730.,descartado,,csv_legacy,,2026-08-03,steam auto-descartado; terminos: san luis,escenario,,steam auto-descartado; terminos: san luis
hatsune-miku-dlc,Hatsune Miku DLC,,publicado,escenario,https://store.steampowered.com/app/3359730/,https://store.steampowered.com/app/3359730/,Candidato Steam app 3359730.,descartado,,csv_legacy,,2026-08-03,steam auto-descartado; terminos: mate,escenario,,steam auto-descartado; terminos: mate
hatsune-miku-magical-mirai-2025-ver-dlc,Hatsune Miku MAGICAL MIRAI 2025 Ver. DLC,,publicado,escenario,https://store.steampowered.com/app/3833190/,https://store.steampowered.com/app/3833190/,Candidato Steam app 3833190.,descartado,,csv_legacy,,2026-08-03,steam auto-descartado; terminos: mate,escenario,,steam auto-descartado; terminos: mate
head-basketball-first-pack,Head Basketball - First Pack,,publicado,escenario,https://store.steampowered.com/app/2224380/,https://store.steampowered.com/app/2224380/,Candidato Steam app 2224380.,descartado,,csv_legacy,,2026-08-03,steam auto-descartado; terminos: argentina,escenario,,steam auto-descartado; terminos: argentina
healer-phoenix,Healer&Phoenix,,publicado,escenario,https://store.steampowered.com/app/1837250/,https://store.steampowered.com/app/1837250/,Candidato Steam app 1837250.,descartado,,csv_legacy,,2026-08-03,juego base; jurisdicción: Mendoza,escenario,,triage: juego base; jurisdicción: Mendoza
heart-of-enya,Heart of Enya,,publicado,escenario,https://store.steampowered.com/app/1543970/,https://store.steampowered.com/app/1543970/,Candidato Steam app 1543970.,descartado,,csv_legacy,,2026-08-03,juego base; jurisdicción: Santa Cruz,escenario,,triage: juego base; jurisdicción: Santa Cruz
heavy-metal-death-can,Heavy Metal Death Can,,publicado,escenario,https://store.steampowered.com/app/3726370/,https://store.steampowered.com/app/3726370/,Candidato Steam app 3726370.,descartado,,csv_legacy,,2026-08-03,juego base; solo ruido mate/tango/santa fe,escenario,,triage: juego base; solo ruido mate/tango/santa fe
helldorado,Helldorado,,publicado,escenario,https://store.steampowered.com/app/18470/,https://store.steampowered.com/app/18470/,Candidato Steam app 18470.,descartado,,csv_legacy,,2026-08-03,juego base; jurisdicción: Santa Fe,escenario,,triage: juego base; jurisdicción: Santa Fe
hi-fi-rush,Hi-Fi RUSH,,publicado,escenario,https://store.steampowered.com/app/1817230/,https://store.steampowered.com/app/1817230/,Candidato Steam app 1817230.,descartado,,csv_legacy,,2026-08-03,juego base; jurisdicción: Ciudad Autónoma de Buenos Aires,escenario,,triage: juego base; jurisdicción: Ciudad Autónoma de Buenos Aires
hi-fi-rush-b-sides,Hi-Fi RUSH B-Sides,,publicado,escenario,https://store.steampowered.com/app/2627290/,https://store.steampowered.com/app/2627290/,Candidato Steam app 2627290.,descartado,,csv_legacy,,2026-08-03,triage: tipo Steam: music,escenario,,triage: tipo Steam: music
hi-fi-rush-deluxe-edition-upgrade-pack,Hi-Fi RUSH Deluxe Edition Upgrade Pack,,publicado,escenario,https://store.steampowered.com/app/2076280/,https://store.steampowered.com/app/2076280/,Candidato Steam app 2076280.,descartado,,csv_legacy,,2026-08-03,steam auto-descartado; terminos: tango,escenario,,steam auto-descartado; terminos: tango
hi-fi-rush-original-game-soundtrack,Hi-Fi RUSH Original Game Soundtrack,,publicado,escenario,https://store.steampowered.com/app/2341310/,https://store.steampowered.com/app/2341310/,Candidato Steam app 2341310.,descartado,,csv_legacy,,2026-08-03,steam auto-descartado; terminos: tango,escenario,,steam auto-descartado; terminos: tango
hi-fi-rush-bossplay-costume-pack,Hi-Fi RUSH: Bossplay Costume Pack,,publicado,escenario,https://store.steampowered.com/app/2314670/,https://store.steampowered.com/app/2314670/,Candidato Steam app 2314670.,descartado,,csv_legacy,,2026-08-03,steam auto-descartado; terminos: tango,escenario,,steam auto-descartado; terminos: tango
hi-fi-rush-teamplay-costume-pack,Hi-Fi RUSH: Teamplay Costume Pack,,publicado,escenario,https://store.steampowered.com/app/2314700/,https://store.steampowered.com/app/2314700/,Candidato Steam app 2314700.,descartado,,csv_legacy,,2026-08-03,steam auto-descartado; terminos: tango,escenario,,steam auto-descartado; terminos: tango
hi-fi-rush-traditional-garb-costume-pack,Hi-Fi RUSH: Traditional Garb Costume Pack,,publicado,escenario,https://store.steampowered.com/app/2365950/,https://store.steampowered.com/app/2365950/,Candidato Steam app 2365950.,descartado,,csv_legacy,,2026-08-03,steam auto-descartado; terminos: tango,escenario,,steam auto-descartado; terminos: tango
hidden-horizons-christmas-tour-collector-s-edition,Hidden Horizons: Christmas Tour Collector's Edition,,publicado,escenario,https://store.steampowered.com/app/4372390/,https://store.steampowered.com/app/4372390/,Candidato Steam app 4372390.,descartado,,csv_legacy,,2026-08-03,juego base; jurisdicción: Santa Cruz,escenario,,triage: juego base; jurisdicción: Santa Cruz
huilliche-guardianes-del-sur,Huilliche: Guardianes del Sur,,en_desarrollo,escenario+protagonista,https://devuego.lat/,,Mitología mapuche en desarrollo indie.,descartado,,csv_legacy,,2026-08-03,; sin app_id Steam,mixto,folclore;memoria,; sin app_id Steam
humankindtm-cultures-of-latin-america-pack,HUMANKIND™ - Cultures of Latin America Pack,,publicado,escenario,https://store.steampowered.com/app/1819410/,https://store.steampowered.com/app/1819410/,Candidato Steam app 1819410.,descartado,,csv_legacy,,2026-08-03,steam auto-descartado; terminos: argentina,escenario,,steam auto-descartado; terminos: argentina
hunt-showdown-1896-la-luz-mala,Hunt: Showdown 1896 - La Luz Mala,,publicado,escenario,https://store.steampowered.com/app/2200640/,https://store.steampowered.com/app/2200640/,Candidato Steam app 2200640.,descartado,,csv_legacy,,2026-08-03,tipo Steam: dlc,escenario,,triage: tipo Steam: dlc
ignition,Ignition,,publicado,escenario,https://store.steampowered.com/app/577990/,https://store.steampowered.com/app/577990/,Candidato Steam app 577990.,descartado,,csv_legacy,,2026-08-03,juego base; solo ruido mate/tango/santa fe,escenario,,triage: juego base; solo ruido mate/tango/santa fe
igtap-an-incremental-game-that-s-also-a-platformer,IGTAP: an Incremental Game That's Also a Platformer,,publicado,escenario,https://store.steampowered.com/app/4364730/,https://store.steampowered.com/app/4364730/,Candidato Steam app 4364730.,descartado,,csv_legacy,,2026-08-03,juego base; jurisdicción: Ciudad Autónoma de Buenos Aires,escenario,,triage: juego base; jurisdicción: Ciudad Autónoma de Buenos Aires
igtap-an-incremental-game-that-s-also-a-platformer-demo,IGTAP: an Incremental Game That's Also a Platformer Demo,,publicado,escenario,https://store.steampowered.com/app/4421560/,https://store.steampowered.com/app/4421560/,Candidato Steam app 4421560.,descartado,,csv_legacy,,2026-08-03,steam auto-descartado; terminos: tango,escenario,,steam auto-descartado; terminos: tango
in-search-of-freedom-demo,In Search of Freedom Demo,,publicado,escenario,https://store.steampowered.com/app/4255750/,https://store.steampowered.com/app/4255750/,Candidato Steam app 4255750.,descartado,,csv_legacy,,2026-08-03,steam auto-descartado; terminos: argentina,escenario,,steam auto-descartado; terminos: argentina
infinite-bloom,Infinite Bloom,,publicado,escenario,https://store.steampowered.com/app/4050070/,https://store.steampowered.com/app/4050070/,Candidato Steam app 4050070.,descartado,,csv_legacy,,2026-08-03,juego base; jurisdicción: Ciudad Autónoma de Buenos Aires,escenario,,triage: juego base; jurisdicción: Ciudad Autónoma de Buenos Aires
infinite-tournament-paintball,Infinite Tournament Paintball,,publicado,escenario,https://store.steampowered.com/app/1341160/,https://store.steampowered.com/app/1341160/,Candidato Steam app 1341160.,descartado,,csv_legacy,,2026-08-03,juego base; solo ruido mate/tango/santa fe,escenario,,triage: juego base; solo ruido mate/tango/santa fe
infinity-battlescape,Infinity: Battlescape,,publicado,escenario,https://store.steampowered.com/app/1079620/,https://store.steampowered.com/app/1079620/,Candidato Steam app 1079620.,descartado,,csv_legacy,,2026-08-03,juego base; solo ruido mate/tango/santa fe,escenario,,triage: juego base; solo ruido mate/tango/santa fe
isekat-crushed-by-a-computer-my-beloved-kitten-is-transported-to-a-fantasy-world-where-its-typing-skills-save-the-kingdom,"Isekat: Crushed by a Computer, My Beloved Kitten is Transported to a Fantasy World where its Typing Skills Save the Kingdom!",,publicado,escenario,https://store.steampowered.com/app/3737990/,https://store.steampowered.com/app/3737990/,Candidato Steam app 3737990.,descartado,,csv_legacy,,2026-08-03,juego base; jurisdicción: Ciudad Autónoma de Buenos Aires,escenario,,triage: juego base; jurisdicción: Ciudad Autónoma de Buenos Aires
itowngameplay-universe,iTownGamePlay UNIVERSE,,publicado,escenario,https://store.steampowered.com/app/667120/,https://store.steampowered.com/app/667120/,Candidato Steam app 667120.,descartado,,csv_legacy,,2026-08-03,juego base; jurisdicción: Corrientes,escenario,,triage: juego base; jurisdicción: Corrientes
itowngameplay-universe-pack-de-batalla,iTowngameplay Universe «Pack de Batalla»,,publicado,escenario,https://store.steampowered.com/app/771900/,https://store.steampowered.com/app/771900/,Candidato Steam app 771900.,descartado,,csv_legacy,,2026-08-03,steam auto-descartado; terminos: evita,escenario,,steam auto-descartado; terminos: evita
jigsaw-puzzle-pack-pixel-puzzles-ultimate-glaciers,Jigsaw Puzzle Pack - Pixel Puzzles Ultimate: Glaciers,,publicado,escenario,https://store.steampowered.com/app/565324/,https://store.steampowered.com/app/565324/,Candidato Steam app 565324.,descartado,,csv_legacy,,2026-08-03,steam auto-descartado; terminos: patagonia,escenario,,steam auto-descartado; terminos: patagonia
jigsaw-puzzle-pack-pixel-puzzles-ultimate-pp2-birds,Jigsaw Puzzle Pack - Pixel Puzzles Ultimate: PP2 Birds,,publicado,escenario,https://store.steampowered.com/app/577403/,https://store.steampowered.com/app/577403/,Candidato Steam app 577403.,descartado,,csv_legacy,,2026-08-03,steam auto-descartado; terminos: falklands,escenario,,steam auto-descartado; terminos: falklands
jurassic-world-evolution-2-park-managers-collection-pack,Jurassic World Evolution 2: Park Managers' Collection Pack,,publicado,escenario,https://store.steampowered.com/app/2897800/,https://store.steampowered.com/app/2897800/,Candidato Steam app 2897800.,descartado,,csv_legacy,,2026-08-03,steam auto-descartado; título indica demo/dlc/pack/skin,escenario,,steam auto-descartado; título indica demo/dlc/pack/skin
ka-mate,Ka Mate,,publicado,escenario,https://store.steampowered.com/app/636490/,https://store.steampowered.com/app/636490/,Candidato Steam app 636490.,descartado,,csv_legacy,,2026-08-03,juego base; solo ruido mate/tango/santa fe,escenario,,triage: juego base; solo ruido mate/tango/santa fe
kasane-teto-dlc,Kasane Teto DLC,,publicado,escenario,https://store.steampowered.com/app/3681410/,https://store.steampowered.com/app/3681410/,Candidato Steam app 3681410.,descartado,,csv_legacy,,2026-08-03,steam auto-descartado; terminos: mate,escenario,,steam auto-descartado; terminos: mate
kenshi,Kenshi,,publicado,escenario,https://store.steampowered.com/app/233860/,https://store.steampowered.com/app/233860/,Candidato Steam app 233860.,descartado,,csv_legacy,,2026-08-03,juego base; solo ruido mate/tango/santa fe,escenario,,triage: juego base; solo ruido mate/tango/santa fe
khemia,Khemia,,publicado,escenario,https://store.steampowered.com/app/2081800/,https://store.steampowered.com/app/2081800/,Candidato Steam app 2081800.,descartado,,csv_legacy,,2026-08-03,juego base; jurisdicción: Misiones,escenario,,triage: juego base; jurisdicción: Misiones
king-arthur-s-gold-flags-of-the-world-heads-pack,King Arthur's Gold: Flags of the World Heads Pack,,publicado,escenario,https://store.steampowered.com/app/640900/,https://store.steampowered.com/app/640900/,Candidato Steam app 640900.,descartado,,csv_legacy,,2026-08-03,steam auto-descartado; terminos: argentina,escenario,,steam auto-descartado; terminos: argentina
kiosco-simulator,Kiosco Simulator,2024,publicado,escenario,https://itch.io/search?q=kiosco+argentina,,Simuladores del kiosco de barrio.,descartado,,csv_legacy,,2026-08-03,verificar existencia; sin app_id Steam,escenario,cultura_urbana,verificar existencia; sin app_id Steam
kirchner-hero,Kirchner Hero,2013,publicado,protagonista,https://archive.org/search?query=kirchner+hero,,Juego Flash político kirchnerista. archive.org.,descartado,,csv_legacy,,2026-08-03,verificar existencia; sin app_id Steam,protagonista,politica;satira,verificar existencia; sin app_id Steam
koatl-the-defender-ultimate,Koatl The Defender ULTIMATE,,publicado,escenario,https://store.steampowered.com/app/4499700/,https://store.steampowered.com/app/4499700/,Candidato Steam app 4499700.,descartado,,csv_legacy,,2026-08-03,juego base; jurisdicción: San Luis,escenario,,triage: juego base; jurisdicción: San Luis
kofi-quest-soundtrack,Kofi Quest Soundtrack,,publicado,escenario,https://store.steampowered.com/app/1240650/,https://store.steampowered.com/app/1240650/,Candidato Steam app 1240650.,descartado,,csv_legacy,,2026-08-03,steam auto-descartado; terminos: cordoba,escenario,,steam auto-descartado; terminos: cordoba
koharu-rikka-dlc,Koharu Rikka DLC,,publicado,escenario,https://store.steampowered.com/app/3681420/,https://store.steampowered.com/app/3681420/,Candidato Steam app 3681420.,descartado,,csv_legacy,,2026-08-03,steam auto-descartado; terminos: mate,escenario,,steam auto-descartado; terminos: mate
ladykiller-in-a-bind-original-soundtrack,Ladykiller in a Bind — Original Soundtrack,,publicado,escenario,https://store.steampowered.com/app/576920/,https://store.steampowered.com/app/576920/,Candidato Steam app 576920.,descartado,,csv_legacy,,2026-08-03,steam auto-descartado; terminos: tango,escenario,,steam auto-descartado; terminos: tango
las-caras-b-de-hi-fi-rush,Las caras B de Hi-Fi RUSH,,,,,,,descartado,,csv_legacy,,2026-08-03,tipo Steam: music,,,
last-harbor,Last Harbor,,publicado,escenario,https://store.steampowered.com/app/4369620/,https://store.steampowered.com/app/4369620/,Candidato Steam app 4369620.,descartado,,csv_legacy,,2026-08-03,juego base; jurisdicción: San Juan,escenario,,triage: juego base; jurisdicción: San Juan
last-pirates-die-together,Last Pirates: Die Together,,publicado,escenario,https://store.steampowered.com/app/4317790/,https://store.steampowered.com/app/4317790/,Candidato Steam app 4317790.,descartado,,csv_legacy,,2026-08-03,juego base; solo ruido mate/tango/santa fe,escenario,,triage: juego base; solo ruido mate/tango/santa fe
lego-pirates-of-the-caribbean-the-video-game,LEGO® Pirates of the Caribbean: The Video Game,,publicado,escenario,https://store.steampowered.com/app/311770/,https://store.steampowered.com/app/311770/,Candidato Steam app 311770.,descartado,,csv_legacy,,2026-08-03,juego base; jurisdicción: San Juan,escenario,,triage: juego base; jurisdicción: San Juan
life-of-a-thug,Life of a Thug,,publicado,escenario,https://store.steampowered.com/app/2948130/,https://store.steampowered.com/app/2948130/,Candidato Steam app 2948130.,descartado,,csv_legacy,,2026-08-03,juego base; jurisdicción: Ciudad Autónoma de Buenos Aires,escenario,,triage: juego base; jurisdicción: Ciudad Autónoma de Buenos Aires
lighthouse-of-the-souls-demo-lots,Lighthouse Of The Souls Demo (LOTS),,publicado,escenario,https://store.steampowered.com/app/3168910/,https://store.steampowered.com/app/3168910/,Candidato Steam app 3168910.,descartado,,csv_legacy,,2026-08-03,steam auto-descartado; terminos: gaucho,escenario,,steam auto-descartado; terminos: gaucho
lilas-sky-ark-soundtrack,Lila’s Sky Ark Soundtrack,,publicado,escenario,https://store.steampowered.com/app/1943680/,https://store.steampowered.com/app/1943680/,Candidato Steam app 1943680.,descartado,,csv_legacy,,2026-08-03,steam auto-descartado; terminos: tango,escenario,,steam auto-descartado; terminos: tango
livemate,LiveMate,,publicado,escenario,https://store.steampowered.com/app/4703580/,https://store.steampowered.com/app/4703580/,Candidato Steam app 4703580.,descartado,,csv_legacy,,2026-08-03,juego base; solo ruido mate/tango/santa fe,escenario,,triage: juego base; solo ruido mate/tango/santa fe
lobizon-la-bestia-del-full-moon,Lobizón: La Bestia del Full Moon,,en_desarrollo,protagonista,https://itch.io/search?q=lobizon,,Prototipos indie sobre la leyenda del lobizón.,descartado,,csv_legacy,,2026-08-03,varios prototipos posibles; sin app_id Steam,protagonista,folclore,varios prototipos posibles; sin app_id Steam
lock-n-load-tactical-digital-heroes-of-the-falklands-battlepack-1,Lock 'n Load Tactical Digital: Heroes of the Falklands Battlepack 1,,publicado,escenario,https://store.steampowered.com/app/1176923/,https://store.steampowered.com/app/1176923/,Candidato Steam app 1176923.,descartado,,csv_legacy,,2026-08-03,tipo Steam: dlc,escenario,,triage: tipo Steam: dlc
loser-named-hana,Loser Named Hana,,publicado,escenario,https://store.steampowered.com/app/4055570/,https://store.steampowered.com/app/4055570/,Candidato Steam app 4055570.,descartado,,csv_legacy,,2026-08-03,juego base; jurisdicción: Mendoza,escenario,,triage: juego base; jurisdicción: Mendoza
lost-in-prayer,Lost in Prayer,,publicado,escenario,https://store.steampowered.com/app/2849500/,https://store.steampowered.com/app/2849500/,Candidato Steam app 2849500.,descartado,,csv_legacy,,2026-08-03,juego base; jurisdicción: Ciudad Autónoma de Buenos Aires,escenario,,triage: juego base; jurisdicción: Ciudad Autónoma de Buenos Aires
lucius-iii-soundtrack,Lucius III Soundtrack,,publicado,escenario,https://store.steampowered.com/app/985190/,https://store.steampowered.com/app/985190/,Candidato Steam app 985190.,descartado,,csv_legacy,,2026-08-03,steam auto-descartado; terminos: tango,escenario,,steam auto-descartado; terminos: tango
ludum-dare-gaucho-entries,Ludum Dare — Gaucho entries,,prototipo,protagonista,https://itch.io/jam/ludum-dare/search?q=gaucho,,Prototipos jam con temática gaucha.,descartado,,csv_legacy,,2026-08-03,; sin app_id Steam,protagonista,folclore,; sin app_id Steam
macri-bros,Macri Bros,2015,publicado,protagonista,https://archive.org/search?query=macri+bros+juego,,Parodia política estilo Mario. Flash perdido.,descartado,,csv_legacy,,2026-08-03,verificar existencia; sin app_id Steam,protagonista,politica;satira,verificar existencia; sin app_id Steam
mafalda-el-videojuego,Mafalda: El Videojuego,,cancelado,protagonista,https://www.mobygames.com/search?q=mafalda,,Proyectos oficiales y fan. Verificar cuáles existieron.,descartado,,csv_legacy,,2026-08-03,; sin app_id Steam,protagonista,historieta,; sin app_id Steam
mahjong-soul-chibi-ichihime-dlc,Mahjong Soul Chibi Ichihime DLC,,publicado,escenario,https://store.steampowered.com/app/3681430/,https://store.steampowered.com/app/3681430/,Candidato Steam app 3681430.,descartado,,csv_legacy,,2026-08-03,steam auto-descartado; terminos: mate,escenario,,steam auto-descartado; terminos: mate
maiden-city-the-last-collateral-damage,Maiden City: The Last Collateral Damage,,publicado,escenario,https://store.steampowered.com/app/805380/,https://store.steampowered.com/app/805380/,Candidato Steam app 805380.,descartado,,csv_legacy,,2026-08-03,juego base; jurisdicción: Formosa,escenario,,triage: juego base; jurisdicción: Formosa
malavision-the-beginning,Malavision: The Beginning,,publicado,escenario,https://store.steampowered.com/app/511490/,https://store.steampowered.com/app/511490/,Candidato Steam app 511490.,descartado,,csv_legacy,,2026-08-03,juego base; jurisdicción: Chaco,escenario,,triage: juego base; jurisdicción: Chaco
malvinas-mod-arma-3,Malvinas Mod ARMA 3,,publicado,escenario,https://steamcommunity.com/workshop/browse/?appid=107410&searchtext=malvinas,,Total conversion / mod Malvinas.,descartado,,csv_legacy,,2026-08-03,tipo mod; sin app_id Steam,escenario,memoria;historia,tipo mod; sin app_id Steam
mama-s-sleeping-angels,Mama's Sleeping Angels,,publicado,escenario,https://store.steampowered.com/app/2918310/,https://store.steampowered.com/app/2918310/,Candidato Steam app 2918310.,descartado,,csv_legacy,,2026-08-03,juego base; solo ruido mate/tango/santa fe,escenario,,triage: juego base; solo ruido mate/tango/santa fe
manager-de-futbol-argentino,Manager de Fútbol Argentino,,abandonware,deporte,https://www.abandonsocios.org/,,Managers abandonados de liga local.,descartado,,csv_legacy,,2026-08-03,; sin app_id Steam,deporte,deporte,; sin app_id Steam
maradona-en-napoles,Maradona en Nápoles,,en_desarrollo,protagonista,https://devuego.lat/,,Biográficos del Diez en Europa.,descartado,,csv_legacy,,2026-08-03,; sin app_id Steam,protagonista,deporte;musica,; sin app_id Steam
marea-nocturna-defensa-de-la-luz,Marea Nocturna: Defensa de la Luz,,,,,,,descartado,,csv_legacy,,2026-08-03,juego base; jurisdicción: Misiones,,,
mariachi-legends,Mariachi Legends,,publicado,escenario,https://store.steampowered.com/app/2376260/,https://store.steampowered.com/app/2376260/,Candidato Steam app 2376260.,descartado,,csv_legacy,,2026-08-03,juego base; jurisdicción: Santa Cruz,escenario,,triage: juego base; jurisdicción: Santa Cruz
marimomo,Marimomo,,publicado,escenario,https://store.steampowered.com/app/3602990/,https://store.steampowered.com/app/3602990/,Candidato Steam app 3602990.,descartado,,csv_legacy,,2026-08-03,juego base; jurisdicción: Salta,escenario,,triage: juego base; jurisdicción: Salta
markus-s-miasma,Markus's Miasma,,publicado,escenario,https://store.steampowered.com/app/3674920/,https://store.steampowered.com/app/3674920/,Candidato Steam app 3674920.,descartado,,csv_legacy,,2026-08-03,juego base; jurisdicción: Santa Cruz,escenario,,triage: juego base; jurisdicción: Santa Cruz
martin-fierro-la-aventura,Martín Fierro: La Aventura,,prototipo,protagonista,https://itch.io/search?q=martin+fierro,,Adaptaciones del poema de Hernández.,descartado,,csv_legacy,,2026-08-03,; sin app_id Steam,protagonista,literatura,; sin app_id Steam
mate,Mate,,publicado,escenario,https://store.steampowered.com/app/2004700/,https://store.steampowered.com/app/2004700/,Candidato Steam app 2004700.,descartado,,csv_legacy,,2026-08-03,juego base; solo ruido mate/tango/santa fe,escenario,,triage: juego base; solo ruido mate/tango/santa fe
mate-in-eleven,Mate in Eleven,,publicado,escenario,https://store.steampowered.com/app/3857870/,https://store.steampowered.com/app/3857870/,Candidato Steam app 3857870.,descartado,,csv_legacy,,2026-08-03,juego base; solo ruido mate/tango/santa fe,escenario,,triage: juego base; solo ruido mate/tango/santa fe
mate-morphosis,Mate'Morphosis,,publicado,escenario,https://store.steampowered.com/app/3863030/,https://store.steampowered.com/app/3863030/,Candidato Steam app 3863030.,descartado,,csv_legacy,,2026-08-03,juego base; solo ruido mate/tango/santa fe,escenario,,triage: juego base; solo ruido mate/tango/santa fe
mate-morphosis-demo,Mate'Morphosis Demo,,publicado,escenario,https://store.steampowered.com/app/4081650/,https://store.steampowered.com/app/4081650/,Candidato Steam app 4081650.,descartado,,csv_legacy,,2026-08-03,steam auto-descartado; terminos: mate,escenario,,steam auto-descartado; terminos: mate
mateengine,MateEngine,,publicado,escenario,https://store.steampowered.com/app/3625270/,https://store.steampowered.com/app/3625270/,Candidato Steam app 3625270.,descartado,,csv_legacy,,2026-08-03,juego base; solo ruido mate/tango/santa fe,escenario,,triage: juego base; solo ruido mate/tango/santa fe
matsutake-game,Matsutake Game,,publicado,escenario,https://store.steampowered.com/app/2867250/,https://store.steampowered.com/app/2867250/,Candidato Steam app 2867250.,descartado,,csv_legacy,,2026-08-03,triage: juego base; jurisdicción: Ciudad Autónoma de Buenos Aires,escenario,,triage: juego base; jurisdicción: Ciudad Autónoma de Buenos Aires
megurine-luka-dlc,Megurine Luka DLC,,publicado,escenario,https://store.steampowered.com/app/3833210/,https://store.steampowered.com/app/3833210/,Candidato Steam app 3833210.,descartado,,csv_legacy,,2026-08-03,steam auto-descartado; terminos: mate,escenario,,steam auto-descartado; terminos: mate
minimate,MiniMate,,publicado,escenario,https://store.steampowered.com/app/4853110/,https://store.steampowered.com/app/4853110/,Candidato Steam app 4853110.,descartado,,csv_legacy,,2026-08-03,juego base; solo ruido mate/tango/santa fe,escenario,,triage: juego base; solo ruido mate/tango/santa fe
mobbyt-historia-argentina-descartado,Mobbyt — Historia Argentina,,publicado,escenario,https://mobbyt.com/videojuego/educativo/,https://mobbyt.com/videojuego/educativo/,Trivias históricas escolares en plataforma Mobbyt.,descartado,,csv_legacy,,2026-08-03,entrada colección; sin app_id Steam,escenario,educativo;historia,entrada colección; sin app_id Steam
mobmate-whisptalk-zero-cloud-voice-chat-toolkit,MobMate WhispTalk – Zero-Cloud Voice Chat Toolkit,,publicado,escenario,https://store.steampowered.com/app/4261090/,https://store.steampowered.com/app/4261090/,Candidato Steam app 4261090.,descartado,,csv_legacy,,2026-08-03,juego base; solo ruido mate/tango/santa fe,escenario,,triage: juego base; solo ruido mate/tango/santa fe
mobmate-whisptalk-zero-cloud-voice-chat-toolkit-demo,MobMate WhispTalk – Zero-Cloud Voice Chat Toolkit Demo,,publicado,escenario,https://store.steampowered.com/app/4448740/,https://store.steampowered.com/app/4448740/,Candidato Steam app 4448740.,descartado,,csv_legacy,,2026-08-03,steam auto-descartado; terminos: mate,escenario,,steam auto-descartado; terminos: mate
mobmate-gpu-acceleration-pack,MobMate – GPU Acceleration Pack,,publicado,escenario,https://store.steampowered.com/app/4268150/,https://store.steampowered.com/app/4268150/,Candidato Steam app 4268150.,descartado,,csv_legacy,,2026-08-03,steam auto-descartado; terminos: mate,escenario,,steam auto-descartado; terminos: mate
motogptm14,MotoGP™14,,publicado,escenario,https://store.steampowered.com/app/256390/,https://store.steampowered.com/app/256390/,Candidato Steam app 256390.,descartado,,csv_legacy,,2026-08-03,deporte internacional genérico sin foco AR,escenario,,triage: deporte internacional genérico sin foco AR
mx-vs-atv-supercross-encore-supercross-track-pack-4,MX vs. ATV Supercross Encore - Supercross Track Pack 4,,publicado,escenario,https://store.steampowered.com/app/421162/,https://store.steampowered.com/app/421162/,Candidato Steam app 421162.,descartado,,csv_legacy,,2026-08-03,steam auto-descartado; terminos: santa fe,escenario,,steam auto-descartado; terminos: santa fe
mxgp-2019-the-official-motocross-videogame,MXGP 2019 - The Official Motocross Videogame,,publicado,escenario,https://store.steampowered.com/app/1018160/,https://store.steampowered.com/app/1018160/,Candidato Steam app 1018160.,descartado,,csv_legacy,,2026-08-03,juego base; jurisdicción: Neuquén,escenario,,triage: juego base; jurisdicción: Neuquén
national-rugby-manager-southern-hemisphere-rugby-pack,National Rugby Manager - Southern Hemisphere Rugby Pack,,publicado,escenario,https://store.steampowered.com/app/885450/,https://store.steampowered.com/app/885450/,Candidato Steam app 885450.,descartado,,csv_legacy,,2026-08-03,steam auto-descartado; terminos: argentina,escenario,,steam auto-descartado; terminos: argentina
natsuki-karin-dlc,Natsuki Karin DLC,,publicado,escenario,https://store.steampowered.com/app/3929250/,https://store.steampowered.com/app/3929250/,Candidato Steam app 3929250.,descartado,,csv_legacy,,2026-08-03,steam auto-descartado; terminos: mate,escenario,,steam auto-descartado; terminos: mate
nature-life-drunk-on-nectar,Nature & Life - Drunk On Nectar,,publicado,escenario,https://store.steampowered.com/app/512460/,https://store.steampowered.com/app/512460/,Candidato Steam app 512460.,descartado,,csv_legacy,,2026-08-03,juego base; solo ruido mate/tango/santa fe,escenario,,triage: juego base; solo ruido mate/tango/santa fe
naval-action-hercules,Naval Action - Hercules,,publicado,escenario,https://store.steampowered.com/app/885270/,https://store.steampowered.com/app/885270/,Candidato Steam app 885270.,descartado,,csv_legacy,,2026-08-03,tipo Steam: dlc,escenario,,triage: tipo Steam: dlc
nier-automata-yorha-no-2-type-b-dlc,NieR:Automata YoRHa No.2 Type B DLC,,publicado,escenario,https://store.steampowered.com/app/3941450/,https://store.steampowered.com/app/3941450/,Candidato Steam app 3941450.,descartado,,csv_legacy,,2026-08-03,steam auto-descartado; terminos: mate,escenario,,steam auto-descartado; terminos: mate
nix-ashes-of-the-phoenix,Nix: Ashes of the Phoenix,,publicado,escenario,https://store.steampowered.com/app/1979130/,https://store.steampowered.com/app/1979130/,Candidato Steam app 1979130.,descartado,,csv_legacy,,2026-08-03,juego base; jurisdicción: Ciudad Autónoma de Buenos Aires,escenario,,triage: juego base; jurisdicción: Ciudad Autónoma de Buenos Aires
nunca-mas-el-juego,Nunca Más: El Juego,,prototipo,escenario,https://mobbyt.com/,,Educativos sobre dictadura militar.,descartado,,csv_legacy,,2026-08-03,sensibilidad alta; sin app_id Steam,escenario,memoria;educativo,sensibilidad alta; sin app_id Steam
old-mate-dave,Old Mate Dave,,publicado,escenario,https://store.steampowered.com/app/4736700/,https://store.steampowered.com/app/4736700/,Candidato Steam app 4736700.,descartado,,csv_legacy,,2026-08-03,juego base; solo ruido mate/tango/santa fe,escenario,,triage: juego base; solo ruido mate/tango/santa fe
one-piece-pirate-warriors-4-legend-dawn-pack,ONE PIECE: PIRATE WARRIORS 4 Legend Dawn Pack,,publicado,escenario,https://store.steampowered.com/app/2449171/,https://store.steampowered.com/app/2449171/,Candidato Steam app 2449171.,descartado,,csv_legacy,,2026-08-03,steam auto-descartado; terminos: mate,escenario,,steam auto-descartado; terminos: mate
operation-tango,Operation: Tango,,publicado,escenario,https://store.steampowered.com/app/1335790/,https://store.steampowered.com/app/1335790/,Candidato Steam app 1335790.,descartado,,csv_legacy,,2026-08-03,juego base; jurisdicción: Ciudad Autónoma de Buenos Aires,escenario,,triage: juego base; jurisdicción: Ciudad Autónoma de Buenos Aires
operation-tango-friend-pass,Operation: Tango - Friend Pass,,publicado,escenario,https://store.steampowered.com/app/1377150/,https://store.steampowered.com/app/1377150/,Candidato Steam app 1377150.,descartado,,csv_legacy,,2026-08-03,juego base; jurisdicción: Ciudad Autónoma de Buenos Aires,escenario,,triage: juego base; jurisdicción: Ciudad Autónoma de Buenos Aires
operation-tango-soundtrack,Operation: Tango - Soundtrack,,publicado,escenario,https://store.steampowered.com/app/1657310/,https://store.steampowered.com/app/1657310/,Candidato Steam app 1657310.,descartado,,csv_legacy,,2026-08-03,steam auto-descartado; terminos: tango,escenario,,steam auto-descartado; terminos: tango
orbital-patrol-the-lani-goodspeed-story,Orbital Patrol: The Lani Goodspeed Story,,publicado,escenario,https://store.steampowered.com/app/2111440/,https://store.steampowered.com/app/2111440/,Candidato Steam app 2111440.,descartado,,csv_legacy,,2026-08-03,juego base; jurisdicción: Ciudad Autónoma de Buenos Aires,escenario,,triage: juego base; jurisdicción: Ciudad Autónoma de Buenos Aires
out-in-space,Out in Space,,publicado,escenario,https://store.steampowered.com/app/2051170/,https://store.steampowered.com/app/2051170/,Candidato Steam app 2051170.,descartado,,csv_legacy,,2026-08-03,juego base; jurisdicción: Ciudad Autónoma de Buenos Aires,escenario,,triage: juego base; jurisdicción: Ciudad Autónoma de Buenos Aires
pampas-selene-pirate-software-s-ferret-sanctuary-dlc,Pampas & Selene - Pirate Software's Ferret Sanctuary DLC,,publicado,escenario,https://store.steampowered.com/app/2999010/,https://store.steampowered.com/app/2999010/,Candidato Steam app 2999010.,descartado,,csv_legacy,,2026-08-03,steam auto-descartado; terminos: pampa,escenario,,steam auto-descartado; terminos: pampa
pampas-selene-soundtrack,Pampas & Selene - Soundtrack,,publicado,escenario,https://store.steampowered.com/app/2960380/,https://store.steampowered.com/app/2960380/,Candidato Steam app 2960380.,descartado,,csv_legacy,,2026-08-03,steam auto-descartado; terminos: pampa,escenario,,steam auto-descartado; terminos: pampa
pampas-selene-supporter-pack,Pampas & Selene - Supporter Pack,,publicado,escenario,https://store.steampowered.com/app/2960060/,https://store.steampowered.com/app/2960060/,Candidato Steam app 2960060.,descartado,,csv_legacy,,2026-08-03,steam auto-descartado; terminos: pampa,escenario,,steam auto-descartado; terminos: pampa
panic-in-puzzle-world,Panic in Puzzle World,,publicado,escenario,https://store.steampowered.com/app/654860/,https://store.steampowered.com/app/654860/,Candidato Steam app 654860.,descartado,,csv_legacy,,2026-08-03,juego base; jurisdicción: Ciudad Autónoma de Buenos Aires,escenario,,triage: juego base; jurisdicción: Ciudad Autónoma de Buenos Aires
patagonia-nazi-bloodrayne-mod,Patagonia Nazi — BloodRayne mod,,publicado,escenario,referencia_menor,,Nivel en juego internacional.,descartado,,csv_legacy,,2026-08-03,referencia menor; sin app_id Steam,escenario,historia,referencia menor; sin app_id Steam
patoruzu,Patoruzú,2007,publicado,protagonista,https://www.mobygames.com/search?q=patoruzu,,Juegos oficiales del personaje de Dante Quinterno.,descartado,,csv_legacy,,2026-08-03,verificar ediciones; sin app_id Steam,protagonista,historieta,verificar ediciones; sin app_id Steam
patria-chica-simulator,Patria Chica Simulator,,prototipo,escenario,https://itch.io/search?q=argentina+espana,,Experiencias de argentinos en el exterior.,descartado,,csv_legacy,,2026-08-03,; sin app_id Steam,escenario,migracion,; sin app_id Steam
pixel-horizons,Pixel Horizons,,publicado,escenario,https://store.steampowered.com/app/3070090/,https://store.steampowered.com/app/3070090/,Candidato Steam app 3070090.,descartado,,csv_legacy,,2026-08-03,juego base; jurisdicción: Santa Cruz,escenario,,triage: juego base; jurisdicción: Santa Cruz
pixel-puzzles-ww2-jigsaw-pack-uss-massachusetts,Pixel Puzzles WW2 Jigsaw - Pack: USS Massachusetts,,publicado,escenario,https://store.steampowered.com/app/1760951/,https://store.steampowered.com/app/1760951/,Candidato Steam app 1760951.,descartado,,csv_legacy,,2026-08-03,steam auto-descartado; título indica demo/dlc/pack/skin,escenario,,steam auto-descartado; título indica demo/dlc/pack/skin
planet-zoo-americas-animal-pack,Planet Zoo: Americas Animal Pack,,publicado,escenario,https://store.steampowered.com/app/3473820/,https://store.steampowered.com/app/3473820/,Candidato Steam app 3473820.,descartado,,csv_legacy,,2026-08-03,steam auto-descartado; título indica demo/dlc/pack/skin,escenario,,steam auto-descartado; título indica demo/dlc/pack/skin
planet-zoo-grasslands-animal-pack,Planet Zoo: Grasslands Animal Pack,,publicado,escenario,https://store.steampowered.com/app/2199210/,https://store.steampowered.com/app/2199210/,Candidato Steam app 2199210.,descartado,,csv_legacy,,2026-08-03,steam auto-descartado; terminos: argentina,escenario,,steam auto-descartado; terminos: argentina
planet-zoo-south-america-pack,Planet Zoo: South America Pack,,publicado,escenario,https://store.steampowered.com/app/1238440/,https://store.steampowered.com/app/1238440/,Candidato Steam app 1238440.,descartado,,csv_legacy,,2026-08-03,steam auto-descartado; título indica demo/dlc/pack/skin,escenario,,steam auto-descartado; título indica demo/dlc/pack/skin
planet-zoo-tropical-pack,Planet Zoo: Tropical Pack,,publicado,escenario,https://store.steampowered.com/app/2346830/,https://store.steampowered.com/app/2346830/,Candidato Steam app 2346830.,descartado,,csv_legacy,,2026-08-03,steam auto-descartado; título indica demo/dlc/pack/skin,escenario,,steam auto-descartado; título indica demo/dlc/pack/skin
planet-zoo-wetlands-animal-pack,Planet Zoo: Wetlands Animal Pack,,publicado,escenario,https://store.steampowered.com/app/1934140/,https://store.steampowered.com/app/1934140/,Candidato Steam app 1934140.,descartado,,csv_legacy,,2026-08-03,steam auto-descartado; terminos: mate,escenario,,steam auto-descartado; terminos: mate
pool-argentino,Pool Argentino,,publicado,escenario,https://archive.org/search?query=pool+argentina+juego,,Billar en versión local.,descartado,,csv_legacy,,2026-08-03,; sin app_id Steam,escenario,juegos_tradicionales,; sin app_id Steam
preludio-de-ghostwire-tokyo,Preludio de Ghostwire: Tokyo,,,,,,,descartado,,csv_legacy,,2026-08-03,juego base; jurisdicción: Ciudad Autónoma de Buenos Aires,,,
priceless-return,Priceless Return,,publicado,escenario,https://store.steampowered.com/app/4357350/,https://store.steampowered.com/app/4357350/,Candidato Steam app 4357350.,descartado,,csv_legacy,,2026-08-03,juego base; jurisdicción: Misiones,escenario,,triage: juego base; jurisdicción: Misiones
private-military-manager-tactical-auto-battler-demo,Private Military Manager: Tactical Auto Battler Demo,,publicado,escenario,https://store.steampowered.com/app/2964010/,https://store.steampowered.com/app/2964010/,Candidato Steam app 2964010.,descartado,,csv_legacy,,2026-08-03,steam auto-descartado; título indica demo/dlc/pack/skin,escenario,,steam auto-descartado; título indica demo/dlc/pack/skin
pro-basketball-manager-2022,Pro Basketball Manager 2022,,publicado,escenario,https://store.steampowered.com/app/1609870/,https://store.steampowered.com/app/1609870/,Candidato Steam app 1609870.,descartado,,csv_legacy,,2026-08-03,deporte internacional genérico sin foco AR,escenario,,triage: deporte internacional genérico sin foco AR
pro-basketball-manager-2023,Pro Basketball Manager 2023,,publicado,escenario,https://store.steampowered.com/app/1875310/,https://store.steampowered.com/app/1875310/,Candidato Steam app 1875310.,descartado,,csv_legacy,,2026-08-03,deporte internacional genérico sin foco AR,escenario,,triage: deporte internacional genérico sin foco AR
pro-basketball-manager-2024,Pro Basketball Manager 2024,,publicado,escenario,https://store.steampowered.com/app/2328780/,https://store.steampowered.com/app/2328780/,Candidato Steam app 2328780.,descartado,,csv_legacy,,2026-08-03,deporte internacional genérico sin foco AR,escenario,,triage: deporte internacional genérico sin foco AR
pro-basketball-manager-2025,Pro Basketball Manager 2025,,publicado,escenario,https://store.steampowered.com/app/2935400/,https://store.steampowered.com/app/2935400/,Candidato Steam app 2935400.,descartado,,csv_legacy,,2026-08-03,deporte internacional genérico sin foco AR,escenario,,triage: deporte internacional genérico sin foco AR
pro-basketball-manager-2026,Pro Basketball Manager 2026,,publicado,escenario,https://store.steampowered.com/app/3585230/,https://store.steampowered.com/app/3585230/,Candidato Steam app 3585230.,descartado,,csv_legacy,,2026-08-03,deporte internacional genérico sin foco AR,escenario,,triage: deporte internacional genérico sin foco AR
proceres-san-martin-descartado,Proceres San Martín,,publicado,protagonista,investigacion_web,itch.io,Educativo independencia,descartado,,csv_legacy,,2026-08-03,; sin app_id Steam,protagonista,,; sin app_id Steam
protocol-11-super-cute-alien-legacy-edition,PROTOCOL 11 - SUPER Cute Alien Legacy Edition,,publicado,escenario,https://store.steampowered.com/app/2710330/,https://store.steampowered.com/app/2710330/,Candidato Steam app 2710330.,descartado,,csv_legacy,,2026-08-03,tipo Steam: dlc,escenario,,triage: tipo Steam: dlc
r-mate,R Mate,,publicado,escenario,https://store.steampowered.com/app/4176860/,https://store.steampowered.com/app/4176860/,Candidato Steam app 4176860.,descartado,,csv_legacy,,2026-08-03,juego base; solo ruido mate/tango/santa fe,escenario,,triage: juego base; solo ruido mate/tango/santa fe
radioactive-expansion-pack-2,Radioactive Expansion Pack 2,,publicado,escenario,https://store.steampowered.com/app/3509580/,https://store.steampowered.com/app/3509580/,Candidato Steam app 3509580.,descartado,,csv_legacy,,2026-08-03,steam auto-descartado; terminos: falklands,escenario,,steam auto-descartado; terminos: falklands
regnum-online-mobile-ar,Regnum Online Mobile AR,2005,publicado,escenario,https://www.abandonsocios.org/,,Versiones móviles de juegos argentinos.,descartado,,csv_legacy,,2026-08-03,verificar; sin app_id Steam,escenario,historia,verificar; sin app_id Steam
reversion-trilogy,Reversion trilogy,,publicado,escenario,investigacion_web,itch.io,Buenos Aires 2035,descartado,,csv_legacy,,2026-08-03,; sin app_id Steam,escenario,,; sin app_id Steam
richman-7-soundtrack,Richman 7 Soundtrack,,publicado,escenario,https://store.steampowered.com/app/2311450/,https://store.steampowered.com/app/2311450/,Candidato Steam app 2311450.,descartado,,csv_legacy,,2026-08-03,steam auto-descartado; terminos: formosa,escenario,,steam auto-descartado; terminos: formosa
rising-star-2,Rising Star 2,,publicado,escenario,https://store.steampowered.com/app/1235110/,https://store.steampowered.com/app/1235110/,Candidato Steam app 1235110.,descartado,,csv_legacy,,2026-08-03,juego base; solo ruido mate/tango/santa fe,escenario,,triage: juego base; solo ruido mate/tango/santa fe
rock-nacional-la-aventura,Rock Nacional: La Aventura,,prototipo,protagonista,https://itch.io/search?q=rock+argentino,,Biografías interactivas de rock nacional.,descartado,,csv_legacy,,2026-08-03,; sin app_id Steam,protagonista,musica,; sin app_id Steam
rogue-mate,Rogue Mate,,publicado,escenario,https://store.steampowered.com/app/4538910/,https://store.steampowered.com/app/4538910/,Candidato Steam app 4538910.,descartado,,csv_legacy,,2026-08-03,juego base; solo ruido mate/tango/santa fe,escenario,,triage: juego base; solo ruido mate/tango/santa fe
rogue-mate-demo,Rogue Mate Demo,,publicado,escenario,https://store.steampowered.com/app/4642700/,https://store.steampowered.com/app/4642700/,Candidato Steam app 4642700.,descartado,,csv_legacy,,2026-08-03,steam auto-descartado; terminos: mate,escenario,,steam auto-descartado; terminos: mate
rogue-planet-1,Rogue Planet 1,,publicado,escenario,https://store.steampowered.com/app/1753250/,https://store.steampowered.com/app/1753250/,Candidato Steam app 1753250.,descartado,,csv_legacy,,2026-08-03,juego base; jurisdicción: Santa Fe,escenario,,triage: juego base; jurisdicción: Santa Fe
roots-of-pacha,Roots of Pacha,2023,publicado,protagonista,https://videojuegosargentinos.com.ar/juego/1245560,https://store.steampowered.com/app/1299460/Roots_of_Pacha/,"Simulador de aldea prehistórica con perspectiva originaria latinoamericana, desarrollado en Argentina.",descartado,,csv_legacy,,2026-08-03,"Desarrollado en Argentina pero sin escenario, protagonista ni temática argentina específica",protagonista,,
rpg-maker-mv-heroine-character-pack-4,RPG Maker MV - Heroine Character Pack 4,,publicado,escenario,https://store.steampowered.com/app/1378197/,https://store.steampowered.com/app/1378197/,Candidato Steam app 1378197.,descartado,,csv_legacy,,2026-08-03,steam auto-descartado; terminos: gaucho,escenario,,steam auto-descartado; terminos: gaucho
rpg-maker-mz-heroine-character-pack-4,RPG Maker MZ - Heroine Character Pack 4,,publicado,escenario,https://store.steampowered.com/app/1378450/,https://store.steampowered.com/app/1378450/,Candidato Steam app 1378450.,descartado,,csv_legacy,,2026-08-03,steam auto-descartado; terminos: gaucho,escenario,,steam auto-descartado; terminos: gaucho
saints-row,Saints Row,,publicado,escenario,https://store.steampowered.com/app/742420/,https://store.steampowered.com/app/742420/,Candidato Steam app 742420.,descartado,,csv_legacy,,2026-08-03,juego base; solo ruido mate/tango/santa fe,escenario,,triage: juego base; solo ruido mate/tango/santa fe
scan-your-heart,"Scan Your Heart ""愛情限時批""",,publicado,escenario,https://store.steampowered.com/app/1230120/,https://store.steampowered.com/app/1230120/,Candidato Steam app 1230120.,descartado,,csv_legacy,,2026-08-03,juego base; jurisdicción: Formosa,escenario,,triage: juego base; jurisdicción: Formosa
scarlet-quest,Scarlet Quest,,publicado,escenario,https://store.steampowered.com/app/3509960/,https://store.steampowered.com/app/3509960/,Candidato Steam app 3509960.,descartado,,csv_legacy,,2026-08-03,Steam API sin datos,escenario,,triage: Steam API sin datos
scholar-s-mate,Scholar's Mate,,publicado,escenario,https://store.steampowered.com/app/2095510/,https://store.steampowered.com/app/2095510/,Candidato Steam app 2095510.,descartado,,csv_legacy,,2026-08-03,juego base; solo ruido mate/tango/santa fe,escenario,,triage: juego base; solo ruido mate/tango/santa fe
scholar-s-mate-first-move,Scholar's Mate - First Move,,publicado,escenario,https://store.steampowered.com/app/2346810/,https://store.steampowered.com/app/2346810/,Candidato Steam app 2346810.,descartado,,csv_legacy,,2026-08-03,juego base; solo ruido mate/tango/santa fe,escenario,,triage: juego base; solo ruido mate/tango/santa fe
scholar-s-mate-demo,Scholar's Mate Demo,,publicado,escenario,https://store.steampowered.com/app/2460300/,https://store.steampowered.com/app/2460300/,Candidato Steam app 2460300.,descartado,,csv_legacy,,2026-08-03,steam auto-descartado; terminos: mate,escenario,,steam auto-descartado; terminos: mate
screencheat,Screencheat,,publicado,escenario,https://store.steampowered.com/app/301970/,https://store.steampowered.com/app/301970/,Candidato Steam app 301970.,descartado,,csv_legacy,,2026-08-03,juego base; solo ruido mate/tango/santa fe,escenario,,triage: juego base; solo ruido mate/tango/santa fe
scum-dance-pack,SCUM Dance Pack,,publicado,escenario,https://store.steampowered.com/app/2651750/,https://store.steampowered.com/app/2651750/,Candidato Steam app 2651750.,descartado,,csv_legacy,,2026-08-03,steam auto-descartado; terminos: tango,escenario,,steam auto-descartado; terminos: tango
section-13,Section 13,,publicado,escenario,https://store.steampowered.com/app/2111870/,https://store.steampowered.com/app/2111870/,Candidato Steam app 2111870.,descartado,,csv_legacy,,2026-08-03,juego base; solo ruido mate/tango/santa fe,escenario,,triage: juego base; solo ruido mate/tango/santa fe
serious-sam-vr-the-last-hope,Serious Sam VR: The Last Hope,,publicado,escenario,https://store.steampowered.com/app/465240/,https://store.steampowered.com/app/465240/,Candidato Steam app 465240.,descartado,,csv_legacy,,2026-08-03,juego base; jurisdicción: Ciudad Autónoma de Buenos Aires,escenario,,triage: juego base; jurisdicción: Ciudad Autónoma de Buenos Aires
sesame-street-amigos-y-risas,Sesame Street: Amigos y Risas,,,,,,,descartado,,csv_legacy,,2026-08-03,juego base; jurisdicción: Ciudad Autónoma de Buenos Aires,,,
sesame-street-friends-fun,Sesame Street: Friends & Fun,,publicado,escenario,https://store.steampowered.com/app/3930330/,https://store.steampowered.com/app/3930330/,Candidato Steam app 3930330.,descartado,,csv_legacy,,2026-08-03,triage: juego base; jurisdicción: Ciudad Autónoma de Buenos Aires,escenario,,triage: juego base; jurisdicción: Ciudad Autónoma de Buenos Aires
shadow-gambit-the-cursed-crew,Shadow Gambit: The Cursed Crew,,publicado,escenario,https://store.steampowered.com/app/1545560/,https://store.steampowered.com/app/1545560/,Candidato Steam app 1545560.,descartado,,csv_legacy,,2026-08-03,juego base; solo ruido mate/tango/santa fe,escenario,,triage: juego base; solo ruido mate/tango/santa fe
shadow-mate,Shadow mate ~小さな竜と適合者~,,publicado,escenario,https://store.steampowered.com/app/2603850/,https://store.steampowered.com/app/2603850/,Candidato Steam app 2603850.,descartado,,csv_legacy,,2026-08-03,juego base; solo ruido mate/tango/santa fe,escenario,,triage: juego base; solo ruido mate/tango/santa fe
shadow-of-the-tomb-raider-the-grand-caiman,Shadow of the Tomb Raider - The Grand Caiman,,publicado,escenario,https://store.steampowered.com/app/849311/,https://store.steampowered.com/app/849311/,Candidato Steam app 849311.,descartado,,csv_legacy,,2026-08-03,tipo Steam: dlc,escenario,,triage: tipo Steam: dlc
shardbound-forge-your-path-master-your-strategy,"Shardbound: Forge Your Path, Master Your Strategy",,publicado,escenario,https://store.steampowered.com/app/586030/,https://store.steampowered.com/app/586030/,Candidato Steam app 586030.,descartado,,csv_legacy,,2026-08-03,juego base; jurisdicción: Ciudad Autónoma de Buenos Aires,escenario,,triage: juego base; jurisdicción: Ciudad Autónoma de Buenos Aires
shardpunk,Shardpunk,,publicado,escenario,https://store.steampowered.com/app/1183800/,https://store.steampowered.com/app/1183800/,Candidato Steam app 1183800.,descartado,,csv_legacy,,2026-08-03,juego base; solo ruido mate/tango/santa fe,escenario,,triage: juego base; solo ruido mate/tango/santa fe
sheepscape,Sheepscape,,publicado,escenario,https://store.steampowered.com/app/4714850/,https://store.steampowered.com/app/4714850/,Candidato Steam app 4714850.,descartado,,csv_legacy,,2026-08-03,juego base; jurisdicción: Ciudad Autónoma de Buenos Aires,escenario,,triage: juego base; jurisdicción: Ciudad Autónoma de Buenos Aires
ship-of-fools,Ship of Fools,,publicado,escenario,https://store.steampowered.com/app/1286580/,https://store.steampowered.com/app/1286580/,Candidato Steam app 1286580.,descartado,,csv_legacy,,2026-08-03,juego base; solo ruido mate/tango/santa fe,escenario,,triage: juego base; solo ruido mate/tango/santa fe
sid-meier-s-civilization-vii-coleccion-encrucijadas-del-mundo,Sid Meier's Civilization® VII: Colección Encrucijadas del mundo,,,,,,,descartado,,csv_legacy,,2026-08-03,tipo Steam: dlc,,,
sid-meier-s-civilization-vii-crossroads-of-the-world-collection,Sid Meier's Civilization® VII: Crossroads of the World Collection,,publicado,escenario,https://store.steampowered.com/app/3004660/,https://store.steampowered.com/app/3004660/,Candidato Steam app 3004660.,descartado,,csv_legacy,,2026-08-03,triage: tipo Steam: dlc,escenario,,triage: tipo Steam: dlc
sid-meier-s-civilization-vii-simon-bolivar-pack,Sid Meier's Civilization® VII: Simón Bolívar Pack,,publicado,escenario,https://store.steampowered.com/app/3087310/,https://store.steampowered.com/app/3087310/,Candidato Steam app 3087310.,descartado,,csv_legacy,,2026-08-03,steam auto-descartado; terminos: libertador,escenario,,steam auto-descartado; terminos: libertador
sips-and-sonnets,Sips and Sonnets,,publicado,escenario,https://store.steampowered.com/app/3176190/,https://store.steampowered.com/app/3176190/,Candidato Steam app 3176190.,descartado,,csv_legacy,,2026-08-03,juego base; jurisdicción: Ciudad Autónoma de Buenos Aires,escenario,,triage: juego base; jurisdicción: Ciudad Autónoma de Buenos Aires
sips-and-sonnets-soundtrack,Sips and Sonnets Soundtrack,,publicado,escenario,https://store.steampowered.com/app/4003000/,https://store.steampowered.com/app/4003000/,Candidato Steam app 4003000.,descartado,,csv_legacy,,2026-08-03,steam auto-descartado; terminos: tango,escenario,,steam auto-descartado; terminos: tango
skater-xl-the-ultimate-skateboarding-game,Skater XL - The Ultimate Skateboarding Game,,publicado,escenario,https://store.steampowered.com/app/962730/,https://store.steampowered.com/app/962730/,Candidato Steam app 962730.,descartado,,csv_legacy,,2026-08-03,juego base; jurisdicción: Santa Cruz,escenario,,triage: juego base; jurisdicción: Santa Cruz
small-hero,Small Hero,,publicado,escenario,https://store.steampowered.com/app/4217660/,https://store.steampowered.com/app/4217660/,Candidato Steam app 4217660.,descartado,,csv_legacy,,2026-08-03,juego base; jurisdicción: Misiones,escenario,,triage: juego base; jurisdicción: Misiones
sniper-fury,Sniper Fury,,publicado,escenario,https://store.steampowered.com/app/591740/,https://store.steampowered.com/app/591740/,Candidato Steam app 591740.,descartado,,csv_legacy,,2026-08-03,juego base; solo ruido mate/tango/santa fe,escenario,,triage: juego base; solo ruido mate/tango/santa fe
somewhere-in-the-shadow,Somewhere in the Shadow,,publicado,escenario,https://store.steampowered.com/app/1577320/,https://store.steampowered.com/app/1577320/,Candidato Steam app 1577320.,descartado,,csv_legacy,,2026-08-03,juego base; solo ruido mate/tango/santa fe,escenario,,triage: juego base; solo ruido mate/tango/santa fe
soul-mates,Soul Mates,,publicado,escenario,https://store.steampowered.com/app/2279440/,https://store.steampowered.com/app/2279440/,Candidato Steam app 2279440.,descartado,,csv_legacy,,2026-08-03,juego base; solo ruido mate/tango/santa fe,escenario,,triage: juego base; solo ruido mate/tango/santa fe
soundtrack-el-tango-de-la-muerte,SOUNDTRACK - El Tango de la Muerte,,publicado,escenario,https://store.steampowered.com/app/859670/,https://store.steampowered.com/app/859670/,Candidato Steam app 859670.,descartado,,csv_legacy,,2026-08-03,"steam auto-descartado; terminos: evita,tango",escenario,,"steam auto-descartado; terminos: evita,tango"
space-engineers-sparks-of-the-future,Space Engineers - Sparks of the Future,,publicado,escenario,https://store.steampowered.com/app/1307680/,https://store.steampowered.com/app/1307680/,Candidato Steam app 1307680.,descartado,,csv_legacy,,2026-08-03,tipo Steam: dlc,escenario,,triage: tipo Steam: dlc
space-zombies-invasion,Space Zombies Invasion,,publicado,escenario,https://store.steampowered.com/app/706270/,https://store.steampowered.com/app/706270/,Candidato Steam app 706270.,descartado,,csv_legacy,,2026-08-03,juego base; jurisdicción: Misiones,escenario,,triage: juego base; jurisdicción: Misiones
spear-and-armor,SPEAR AND ARMOR,,publicado,escenario,https://store.steampowered.com/app/3148430/,https://store.steampowered.com/app/3148430/,Candidato Steam app 3148430.,descartado,,csv_legacy,,2026-08-03,juego base; jurisdicción: Misiones,escenario,,triage: juego base; jurisdicción: Misiones
speedball,Speedball,,publicado,escenario,https://store.steampowered.com/app/1795190/,https://store.steampowered.com/app/1795190/,Candidato Steam app 1795190.,descartado,,csv_legacy,,2026-08-03,juego base; solo ruido mate/tango/santa fe,escenario,,triage: juego base; solo ruido mate/tango/santa fe
spire-of-sorcery-demo,Spire of Sorcery Demo,,publicado,escenario,https://store.steampowered.com/app/1647380/,https://store.steampowered.com/app/1647380/,Candidato Steam app 1647380.,descartado,,csv_legacy,,2026-08-03,steam auto-descartado; terminos: tango,escenario,,steam auto-descartado; terminos: tango
spire-of-sorcery-character-generator,Spire of Sorcery – Character Generator,,publicado,escenario,https://store.steampowered.com/app/893560/,https://store.steampowered.com/app/893560/,Candidato Steam app 893560.,descartado,,csv_legacy,,2026-08-03,juego base; jurisdicción: Ciudad Autónoma de Buenos Aires,escenario,,triage: juego base; jurisdicción: Ciudad Autónoma de Buenos Aires
spire-of-sorcery-prologue,Spire of Sorcery: Prologue,,publicado,escenario,https://store.steampowered.com/app/929340/,https://store.steampowered.com/app/929340/,Candidato Steam app 929340.,descartado,,csv_legacy,,2026-08-03,juego base; jurisdicción: Ciudad Autónoma de Buenos Aires,escenario,,triage: juego base; jurisdicción: Ciudad Autónoma de Buenos Aires
spirit-city-lofi-sessions-cozy-kitchen-dlc,Spirit City: Lofi Sessions - Cozy Kitchen DLC,,publicado,escenario,https://store.steampowered.com/app/3210380/,https://store.steampowered.com/app/3210380/,Candidato Steam app 3210380.,descartado,,csv_legacy,,2026-08-03,steam auto-descartado; terminos: mate,escenario,,steam auto-descartado; terminos: mate
spirit-island-promo-pack-2-feather,Spirit Island - Promo Pack 2: Feather,,publicado,escenario,https://store.steampowered.com/app/2419042/,https://store.steampowered.com/app/2419042/,Candidato Steam app 2419042.,descartado,,csv_legacy,,2026-08-03,steam auto-descartado; título indica demo/dlc/pack/skin,escenario,,steam auto-descartado; título indica demo/dlc/pack/skin
strange-brigade,Strange Brigade,,publicado,escenario,https://store.steampowered.com/app/312670/,https://store.steampowered.com/app/312670/,Candidato Steam app 312670.,descartado,,csv_legacy,,2026-08-03,juego base; solo ruido mate/tango/santa fe,escenario,,triage: juego base; solo ruido mate/tango/santa fe
strategic-command-american-civil-war-wars-in-the-americas,Strategic Command: American Civil War - Wars in the Americas,,publicado,escenario,https://store.steampowered.com/app/2259440/,https://store.steampowered.com/app/2259440/,Candidato Steam app 2259440.,descartado,,csv_legacy,,2026-08-03,tipo Steam: dlc,escenario,,triage: tipo Steam: dlc
stray-siege,Stray Siege,,publicado,escenario,https://store.steampowered.com/app/4237030/,https://store.steampowered.com/app/4237030/,Candidato Steam app 4237030.,descartado,,csv_legacy,,2026-08-03,juego base; jurisdicción: Ciudad Autónoma de Buenos Aires,escenario,,triage: juego base; jurisdicción: Ciudad Autónoma de Buenos Aires
streets-of-rage-4-mr-x-nightmare,Streets Of Rage 4 - Mr. X Nightmare,,publicado,escenario,https://store.steampowered.com/app/1585820/,https://store.steampowered.com/app/1585820/,Candidato Steam app 1585820.,descartado,,csv_legacy,,2026-08-03,tipo Steam: dlc,escenario,,triage: tipo Steam: dlc
sube-simulator,SUBE Simulator,,prototipo,escenario,https://itch.io/search?q=sube+argentina,,Juegos sobre transporte público CABA.,descartado,,csv_legacy,,2026-08-03,; sin app_id Steam,escenario,cultura_urbana,; sin app_id Steam
sudden-strike-4-the-pacific-war,Sudden Strike 4 - The Pacific War,,publicado,escenario,https://store.steampowered.com/app/873871/,https://store.steampowered.com/app/873871/,Candidato Steam app 873871.,descartado,,csv_legacy,,2026-08-03,tipo Steam: dlc,escenario,,triage: tipo Steam: dlc
suero-zeus,Suero Zeus,,publicado,escenario,https://store.steampowered.com/app/2597040/,https://store.steampowered.com/app/2597040/,Candidato Steam app 2597040.,descartado,,csv_legacy,,2026-08-03,juego base; jurisdicción: Misiones,escenario,,triage: juego base; jurisdicción: Misiones
super-jigsaw-puzzle-generations-argentina,Super Jigsaw Puzzle: Generations - Argentina,,publicado,escenario,https://store.steampowered.com/app/3543800/,https://store.steampowered.com/app/3543800/,Candidato Steam app 3543800.,descartado,,csv_legacy,,2026-08-03,steam auto-descartado; terminos: argentina,escenario,,steam auto-descartado; terminos: argentina
superchicos,SUPERCHICOS,,publicado,escenario,https://store.steampowered.com/app/1454140/,https://store.steampowered.com/app/1454140/,Candidato Steam app 1454140.,descartado,,csv_legacy,,2026-08-03,juego base; jurisdicción: Misiones,escenario,,triage: juego base; jurisdicción: Misiones
supermrket-expansion-san-juan-incluye-juego-original-expansion,Supermrket: Expansion San Juan (Incluye Juego Original + Expansión),,publicado,escenario,https://store.steampowered.com/app/2901850/,https://store.steampowered.com/app/2901850/,Candidato Steam app 2901850.,descartado,,csv_legacy,,2026-08-03,steam auto-descartado; terminos: san juan,escenario,,steam auto-descartado; terminos: san juan
supermrket-petardos,Supermrket: Petardos,,publicado,escenario,https://store.steampowered.com/app/3628080/,https://store.steampowered.com/app/3628080/,Candidato Steam app 3628080.,descartado,,csv_legacy,,2026-08-03,tipo Steam: dlc,escenario,,triage: tipo Steam: dlc
superviviente-oleada-no-muertos,Superviviente: Oleada No muertos,,,,,,,descartado,,csv_legacy,,2026-08-03,juego base; jurisdicción: Misiones,,,
sven-completely-screwed,Sven - Completely Screwed,,publicado,escenario,https://store.steampowered.com/app/2213500/,https://store.steampowered.com/app/2213500/,Candidato Steam app 2213500.,descartado,,csv_legacy,,2026-08-03,triage: juego base; jurisdicción: Ciudad Autónoma de Buenos Aires,escenario,,triage: juego base; jurisdicción: Ciudad Autónoma de Buenos Aires
sven-plantando-nabos,Sven - plantando nabos,,,,,,,descartado,,csv_legacy,,2026-08-03,juego base; jurisdicción: Ciudad Autónoma de Buenos Aires,,,
syndicate-reboot-buenos-aires,Syndicate reboot Buenos Aires,,publicado,escenario,investigacion_web,multi,Nivel futurista CABA,descartado,,csv_legacy,,2026-08-03,; sin app_id Steam,escenario,,; sin app_id Steam
tane-dlc-dic-reefer-mechanical-refrigerator,TANE DLC - DIC-Reefer (Mechanical Refrigerator),,publicado,escenario,https://store.steampowered.com/app/1042540/,https://store.steampowered.com/app/1042540/,Candidato Steam app 1042540.,descartado,,csv_legacy,,2026-08-03,steam auto-descartado; terminos: santa fe,escenario,,steam auto-descartado; terminos: santa fe
tane-dlc-aerotrain,TANE DLC: Aerotrain,,publicado,escenario,https://store.steampowered.com/app/430181/,https://store.steampowered.com/app/430181/,Candidato Steam app 430181.,descartado,,csv_legacy,,2026-08-03,steam auto-descartado; terminos: santa fe,escenario,,steam auto-descartado; terminos: santa fe
tane-dlc-atsf-gp38-2-santa-fe-2-pack,TANE DLC: ATSF GP38-2 Santa FE (2 Pack),,publicado,escenario,https://store.steampowered.com/app/537940/,https://store.steampowered.com/app/537940/,Candidato Steam app 537940.,descartado,,csv_legacy,,2026-08-03,steam auto-descartado; terminos: santa fe,escenario,,steam auto-descartado; terminos: santa fe
tane-dlc-chicago-north-western-ge-dash-9-44cw,TANE DLC: Chicago North Western GE Dash 9 44CW,,publicado,escenario,https://store.steampowered.com/app/404980/,https://store.steampowered.com/app/404980/,Candidato Steam app 404980.,descartado,,csv_legacy,,2026-08-03,steam auto-descartado; terminos: santa fe,escenario,,steam auto-descartado; terminos: santa fe
tane-dlc-southern-pacific-ge-cw44-9,TANE DLC: Southern Pacific GE CW44-9,,publicado,escenario,https://store.steampowered.com/app/404981/,https://store.steampowered.com/app/404981/,Candidato Steam app 404981.,descartado,,csv_legacy,,2026-08-03,steam auto-descartado; terminos: santa fe,escenario,,steam auto-descartado; terminos: santa fe
tango-district,Tango District,,publicado,escenario,https://store.steampowered.com/app/3860680/,https://store.steampowered.com/app/3860680/,Candidato Steam app 3860680.,descartado,,csv_legacy,,2026-08-03,juego base; jurisdicción: Ciudad Autónoma de Buenos Aires,escenario,,triage: juego base; jurisdicción: Ciudad Autónoma de Buenos Aires
tango-district-demo,Tango District Demo,,publicado,escenario,https://store.steampowered.com/app/4098990/,https://store.steampowered.com/app/4098990/,Candidato Steam app 4098990.,descartado,,csv_legacy,,2026-08-03,steam auto-descartado; terminos: tango,escenario,,steam auto-descartado; terminos: tango
tango-fiesta,Tango Fiesta,,publicado,escenario,https://store.steampowered.com/app/276730/,https://store.steampowered.com/app/276730/,Candidato Steam app 276730.,descartado,,csv_legacy,,2026-08-03,juego base; jurisdicción: Ciudad Autónoma de Buenos Aires,escenario,,triage: juego base; jurisdicción: Ciudad Autónoma de Buenos Aires
tango-fiesta-fascism-fighters-4000,Tango Fiesta - Fascism Fighters 4000,,publicado,escenario,https://store.steampowered.com/app/1347790/,https://store.steampowered.com/app/1347790/,Candidato Steam app 1347790.,descartado,,csv_legacy,,2026-08-03,tipo Steam: dlc,escenario,,triage: tipo Steam: dlc
tech-invaders-td,Tech Invaders TD,,publicado,escenario,https://store.steampowered.com/app/2147550/,https://store.steampowered.com/app/2147550/,Candidato Steam app 2147550.,descartado,,csv_legacy,,2026-08-03,juego base; jurisdicción: Misiones,escenario,,triage: juego base; jurisdicción: Misiones
terminal-conflict-soundtrack,Terminal Conflict Soundtrack,,publicado,escenario,https://store.steampowered.com/app/1935040/,https://store.steampowered.com/app/1935040/,Candidato Steam app 1935040.,descartado,,csv_legacy,,2026-08-03,steam auto-descartado; título indica demo/dlc/pack/skin,escenario,,steam auto-descartado; título indica demo/dlc/pack/skin
thalassa-edge-of-the-abyss,Thalassa: Edge of the Abyss,,publicado,escenario,https://store.steampowered.com/app/1783680/,https://store.steampowered.com/app/1783680/,Candidato Steam app 1783680.,descartado,,csv_legacy,,2026-08-03,juego base; solo ruido mate/tango/santa fe,escenario,,triage: juego base; solo ruido mate/tango/santa fe
the-adventures-of-tango-rio,The Adventures of Tango Rio,,publicado,escenario,https://store.steampowered.com/app/3321550/,https://store.steampowered.com/app/3321550/,Candidato Steam app 3321550.,descartado,,csv_legacy,,2026-08-03,juego base; jurisdicción: Ciudad Autónoma de Buenos Aires,escenario,,triage: juego base; jurisdicción: Ciudad Autónoma de Buenos Aires
the-adventures-of-tango-rio-demo,The Adventures of Tango Rio Demo,,publicado,escenario,https://store.steampowered.com/app/3356550/,https://store.steampowered.com/app/3356550/,Candidato Steam app 3356550.,descartado,,csv_legacy,,2026-08-03,steam auto-descartado; terminos: tango,escenario,,steam auto-descartado; terminos: tango
the-ditzy-demons-are-in-love-with-me,The Ditzy Demons Are in Love With Me,,publicado,escenario,https://store.steampowered.com/app/802870/,https://store.steampowered.com/app/802870/,Candidato Steam app 802870.,descartado,,csv_legacy,,2026-08-03,juego base; solo ruido mate/tango/santa fe,escenario,,triage: juego base; solo ruido mate/tango/santa fe
the-evil-within,The Evil Within,,publicado,escenario,https://store.steampowered.com/app/268050/,https://store.steampowered.com/app/268050/,Candidato Steam app 268050.,descartado,,csv_legacy,,2026-08-03,juego base; jurisdicción: Ciudad Autónoma de Buenos Aires,escenario,,triage: juego base; jurisdicción: Ciudad Autónoma de Buenos Aires
the-evil-within-soundtrack,The Evil Within - Soundtrack,,publicado,escenario,https://store.steampowered.com/app/446950/,https://store.steampowered.com/app/446950/,Candidato Steam app 446950.,descartado,,csv_legacy,,2026-08-03,steam auto-descartado; terminos: tango,escenario,,steam auto-descartado; terminos: tango
the-evil-within-the-consequence,The Evil Within - The Consequence,,publicado,escenario,https://store.steampowered.com/app/354710/,https://store.steampowered.com/app/354710/,Candidato Steam app 354710.,descartado,,csv_legacy,,2026-08-03,tipo Steam: dlc,escenario,,triage: tipo Steam: dlc
the-evil-within-2,The Evil Within 2,,publicado,escenario,https://store.steampowered.com/app/601430/,https://store.steampowered.com/app/601430/,Candidato Steam app 601430.,descartado,,csv_legacy,,2026-08-03,juego base; jurisdicción: Ciudad Autónoma de Buenos Aires,escenario,,triage: juego base; jurisdicción: Ciudad Autónoma de Buenos Aires
the-evil-within-bundle,The Evil Within Bundle,,publicado,escenario,https://store.steampowered.com/app/652810/,https://store.steampowered.com/app/652810/,Candidato Steam app 652810.,descartado,,csv_legacy,,2026-08-03,steam auto-descartado; terminos: tango,escenario,,steam auto-descartado; terminos: tango
the-evil-within-demo,The Evil Within Demo,,publicado,escenario,https://store.steampowered.com/app/329960/,https://store.steampowered.com/app/329960/,Candidato Steam app 329960.,descartado,,csv_legacy,,2026-08-03,steam auto-descartado; terminos: tango,escenario,,steam auto-descartado; terminos: tango
the-evil-within-season-pass,The Evil Within Season Pass,,publicado,escenario,https://store.steampowered.com/app/318750/,https://store.steampowered.com/app/318750/,Candidato Steam app 318750.,descartado,,csv_legacy,,2026-08-03,Steam API sin datos,escenario,,triage: Steam API sin datos
the-evil-within-the-assignment,The Evil Within: The Assignment,,publicado,escenario,https://store.steampowered.com/app/345980/,https://store.steampowered.com/app/345980/,Candidato Steam app 345980.,descartado,,csv_legacy,,2026-08-03,tipo Steam: dlc,escenario,,triage: tipo Steam: dlc
the-evil-within-the-executioner,The Evil Within: The Executioner,,publicado,escenario,https://store.steampowered.com/app/359930/,https://store.steampowered.com/app/359930/,Candidato Steam app 359930.,descartado,,csv_legacy,,2026-08-03,Steam API sin datos,escenario,,triage: Steam API sin datos
the-girl-from-arkanya,The Girl from Arkanya,,publicado,escenario,https://store.steampowered.com/app/1447820/,https://store.steampowered.com/app/1447820/,Candidato Steam app 1447820.,descartado,,csv_legacy,,2026-08-03,juego base; solo ruido mate/tango/santa fe,escenario,,triage: juego base; solo ruido mate/tango/santa fe
the-legend-of-tango,The Legend of Tango,,publicado,escenario,https://store.steampowered.com/app/394720/,https://store.steampowered.com/app/394720/,Candidato Steam app 394720.,descartado,,csv_legacy,,2026-08-03,juego base; jurisdicción: Ciudad Autónoma de Buenos Aires,escenario,,triage: juego base; jurisdicción: Ciudad Autónoma de Buenos Aires
the-list,The List,,publicado,escenario,https://store.steampowered.com/app/1586820/,https://store.steampowered.com/app/1586820/,Candidato Steam app 1586820.,descartado,,csv_legacy,,2026-08-03,juego base; jurisdicción: Santa Fe,escenario,,triage: juego base; jurisdicción: Santa Fe
the-lost-nomad,The Lost Nomad,,publicado,escenario,https://store.steampowered.com/app/2699110/,https://store.steampowered.com/app/2699110/,Candidato Steam app 2699110.,descartado,,csv_legacy,,2026-08-03,juego base; jurisdicción: Misiones,escenario,,triage: juego base; jurisdicción: Misiones
the-neon-mate,The Neon Mate,,publicado,escenario,https://store.steampowered.com/app/1334970/,https://store.steampowered.com/app/1334970/,Candidato Steam app 1334970.,descartado,,csv_legacy,,2026-08-03,juego base; solo ruido mate/tango/santa fe,escenario,,triage: juego base; solo ruido mate/tango/santa fe
the-rainy-port-keelung,The Rainy Port Keelung 雨港基隆,,publicado,escenario,https://store.steampowered.com/app/349320/,https://store.steampowered.com/app/349320/,Candidato Steam app 349320.,descartado,,csv_legacy,,2026-08-03,juego base; jurisdicción: Formosa,escenario,,triage: juego base; jurisdicción: Formosa
the-shimmering-horizon-and-cursed-blacksmith,The Shimmering Horizon and Cursed Blacksmith,,publicado,escenario,https://store.steampowered.com/app/1414910/,https://store.steampowered.com/app/1414910/,Candidato Steam app 1414910.,descartado,,csv_legacy,,2026-08-03,juego base; jurisdicción: Formosa,escenario,,triage: juego base; jurisdicción: Formosa
the-shimmering-horizon-and-cursed-blacksmith-trial,The Shimmering Horizon and Cursed Blacksmith Trial,,publicado,escenario,https://store.steampowered.com/app/1501190/,https://store.steampowered.com/app/1501190/,Candidato Steam app 1501190.,descartado,,csv_legacy,,2026-08-03,triage: tipo Steam: demo,escenario,,triage: tipo Steam: demo
the-simstm-4-werewolves-game-pack,The Sims™ 4 Werewolves Game Pack,,publicado,escenario,https://store.steampowered.com/app/1776780/,https://store.steampowered.com/app/1776780/,Candidato Steam app 1776780.,descartado,,csv_legacy,,2026-08-03,steam auto-descartado; terminos: mate,escenario,,steam auto-descartado; terminos: mate
thehunter-call-of-the-wildtm-parque-fernando,theHunter: Call of the Wild™ - Parque Fernando,,publicado,escenario,https://store.steampowered.com/app/986850/,https://store.steampowered.com/app/986850/,Candidato Steam app 986850.,descartado,,csv_legacy,,2026-08-03,tipo Steam: dlc,escenario,,triage: tipo Steam: dlc
thehunter-call-of-the-wildtm-parque-fernando-cosmetic-pack,theHunter: Call of the Wild™ - Parque Fernando Cosmetic Pack,,publicado,escenario,https://store.steampowered.com/app/2198015/,https://store.steampowered.com/app/2198015/,Candidato Steam app 2198015.,descartado,,csv_legacy,,2026-08-03,steam auto-descartado; terminos: patagonia,escenario,,steam auto-descartado; terminos: patagonia
thunder-tank-escudo-de-hierro,Thunder Tank: Escudo de hierro,,,,,,,descartado,,csv_legacy,,2026-08-03,juego base; jurisdicción: Misiones,,,
thunder-tank-iron-shield,Thunder Tank: Iron Shield,,publicado,escenario,https://store.steampowered.com/app/4486290/,https://store.steampowered.com/app/4486290/,Candidato Steam app 4486290.,descartado,,csv_legacy,,2026-08-03,triage: juego base; jurisdicción: Misiones,escenario,,triage: juego base; jurisdicción: Misiones
tooth-and-tail-official-soundtrack,Tooth and Tail - Official Soundtrack,,publicado,escenario,https://store.steampowered.com/app/698760/,https://store.steampowered.com/app/698760/,Candidato Steam app 698760.,descartado,,csv_legacy,,2026-08-03,steam auto-descartado; terminos: tango,escenario,,steam auto-descartado; terminos: tango
total-war-attila-age-of-charlemagne-campaign-pack,Total War: ATTILA - Age of Charlemagne Campaign Pack,,publicado,escenario,https://store.steampowered.com/app/343464/,https://store.steampowered.com/app/343464/,Candidato Steam app 343464.,descartado,,csv_legacy,,2026-08-03,steam auto-descartado; terminos: cordoba,escenario,,steam auto-descartado; terminos: cordoba
total-war-warhammer-ii-curse-of-the-vampire-coast,Total War: WARHAMMER II - Curse of the Vampire Coast,,publicado,escenario,https://store.steampowered.com/app/835670/,https://store.steampowered.com/app/835670/,Candidato Steam app 835670.,descartado,,csv_legacy,,2026-08-03,tipo Steam: dlc,escenario,,triage: tipo Steam: dlc
totally-accurate-battlegrounds,Totally Accurate Battlegrounds,,publicado,escenario,https://store.steampowered.com/app/823130/,https://store.steampowered.com/app/823130/,Candidato Steam app 823130.,descartado,,csv_legacy,,2026-08-03,juego base; solo ruido mate/tango/santa fe,escenario,,triage: juego base; solo ruido mate/tango/santa fe
tp2,TP2,,publicado,escenario,https://store.steampowered.com/app/3353150/,https://store.steampowered.com/app/3353150/,Candidato Steam app 3353150.,descartado,,csv_legacy,,2026-08-03,juego base; jurisdicción: Misiones,escenario,,triage: juego base; jurisdicción: Misiones
train-sim-world-3-santa-fe-f7-add-on,Train Sim World® 3: Santa Fe F7 Add-On,,publicado,escenario,https://store.steampowered.com/app/1998974/,https://store.steampowered.com/app/1998974/,Candidato Steam app 1998974.,descartado,,csv_legacy,,2026-08-03,tipo Steam: dlc,escenario,,triage: tipo Steam: dlc
train-sim-world-4-santa-fe-f7-add-on,Train Sim World® 4: Santa Fe F7 Add-On,,publicado,escenario,https://store.steampowered.com/app/2386148/,https://store.steampowered.com/app/2386148/,Candidato Steam app 2386148.,descartado,,csv_legacy,,2026-08-03,tipo Steam: dlc,escenario,,triage: tipo Steam: dlc
train-sim-world-5-santa-fe-f7-add-on,Train Sim World® 5: Santa Fe F7 Add-On,,publicado,escenario,https://store.steampowered.com/app/2970180/,https://store.steampowered.com/app/2970180/,Candidato Steam app 2970180.,descartado,,csv_legacy,,2026-08-03,tipo Steam: dlc,escenario,,triage: tipo Steam: dlc
train-sim-world-6-bnsf-gp60m-gp60b-loco-add-on,Train Sim World® 6: BNSF GP60M & GP60B Loco Add-On,,publicado,escenario,https://store.steampowered.com/app/4035910/,https://store.steampowered.com/app/4035910/,Candidato Steam app 4035910.,descartado,,csv_legacy,,2026-08-03,tipo Steam: dlc,escenario,,triage: tipo Steam: dlc
train-sim-world-6-santa-fe-f7-add-on,Train Sim World® 6: Santa Fe F7 Add-On,,publicado,escenario,https://store.steampowered.com/app/3662920/,https://store.steampowered.com/app/3662920/,Candidato Steam app 3662920.,descartado,,csv_legacy,,2026-08-03,tipo Steam: dlc,escenario,,triage: tipo Steam: dlc
train-sim-world-6-santa-fe-on-cajon-pass-add-on,Train Sim World® 6: Santa Fe on Cajon Pass Add-On,,publicado,escenario,https://store.steampowered.com/app/3879890/,https://store.steampowered.com/app/3879890/,Candidato Steam app 3879890.,descartado,,csv_legacy,,2026-08-03,tipo Steam: dlc,escenario,,triage: tipo Steam: dlc
train-simulator-aerotrain-streamlined-train-add-on,Train Simulator: Aerotrain Streamlined Train Add-On,,publicado,escenario,https://store.steampowered.com/app/500248/,https://store.steampowered.com/app/500248/,Candidato Steam app 500248.,descartado,,csv_legacy,,2026-08-03,tipo Steam: dlc,escenario,,triage: tipo Steam: dlc
train-simulator-amtrak-sdp40f-loco-add-on,Train Simulator: Amtrak SDP40F Loco Add-On,,publicado,escenario,https://store.steampowered.com/app/834401/,https://store.steampowered.com/app/834401/,Candidato Steam app 834401.,descartado,,csv_legacy,,2026-08-03,tipo Steam: dlc,escenario,,triage: tipo Steam: dlc
train-simulator-arizona-divide-winslow-williams-route-add-on,Train Simulator: Arizona Divide: Winslow - Williams Route Add-on,,publicado,escenario,https://store.steampowered.com/app/1515064/,https://store.steampowered.com/app/1515064/,Candidato Steam app 1515064.,descartado,,csv_legacy,,2026-08-03,tipo Steam: dlc,escenario,,triage: tipo Steam: dlc
train-simulator-at-sf-scenario-pack-01,Train Simulator: AT&SF Scenario Pack 01,,publicado,escenario,https://store.steampowered.com/app/2403303/,https://store.steampowered.com/app/2403303/,Candidato Steam app 2403303.,descartado,,csv_legacy,,2026-08-03,steam auto-descartado; terminos: santa fe,escenario,,steam auto-descartado; terminos: santa fe
train-simulator-at-sf-sd45-2-loco-add-on,Train Simulator: AT&SF SD45-2 Loco Add-On,,publicado,escenario,https://store.steampowered.com/app/376977/,https://store.steampowered.com/app/376977/,Candidato Steam app 376977.,descartado,,csv_legacy,,2026-08-03,tipo Steam: dlc,escenario,,triage: tipo Steam: dlc
train-simulator-bnsf-locomotive-pack-add-on,Train Simulator: BNSF Locomotive Pack Add-On,,publicado,escenario,https://store.steampowered.com/app/222581/,https://store.steampowered.com/app/222581/,Candidato Steam app 222581.,descartado,,csv_legacy,,2026-08-03,steam auto-descartado; terminos: santa fe,escenario,,steam auto-descartado; terminos: santa fe
train-simulator-bnsf-sd75-loco-add-on,Train Simulator: BNSF SD75 Loco Add-On,,publicado,escenario,https://store.steampowered.com/app/65259/,https://store.steampowered.com/app/65259/,Candidato Steam app 65259.,descartado,,csv_legacy,,2026-08-03,tipo Steam: dlc,escenario,,triage: tipo Steam: dlc
train-simulator-bozeman-pass-livingston-three-forks-trident,Train Simulator: Bozeman Pass: Livingston - Three Forks & Trident,,publicado,escenario,https://store.steampowered.com/app/2956030/,https://store.steampowered.com/app/2956030/,Candidato Steam app 2956030.,descartado,,csv_legacy,,2026-08-03,tipo Steam: dlc,escenario,,triage: tipo Steam: dlc
train-simulator-burlington-northern-f45-loco-add-on,Train Simulator: Burlington Northern F45 Loco Add-On,,publicado,escenario,https://store.steampowered.com/app/222624/,https://store.steampowered.com/app/222624/,Candidato Steam app 222624.,descartado,,csv_legacy,,2026-08-03,tipo Steam: dlc,escenario,,triage: tipo Steam: dlc
train-simulator-burlington-northern-u25,Train Simulator: Burlington Northern U25,,publicado,escenario,https://store.steampowered.com/app/2403301/,https://store.steampowered.com/app/2403301/,Candidato Steam app 2403301.,descartado,,csv_legacy,,2026-08-03,tipo Steam: dlc,escenario,,triage: tipo Steam: dlc
train-simulator-cajon-pass-route-add-on,Train Simulator: Cajon Pass Route Add-On,,publicado,escenario,https://store.steampowered.com/app/208307/,https://store.steampowered.com/app/208307/,Candidato Steam app 208307.,descartado,,csv_legacy,,2026-08-03,tipo Steam: dlc,escenario,,triage: tipo Steam: dlc
train-simulator-clinchfield-railroad-u36c-loco-add-on,Train Simulator: Clinchfield Railroad U36C Loco Add-On,,publicado,escenario,https://store.steampowered.com/app/1267503/,https://store.steampowered.com/app/1267503/,Candidato Steam app 1267503.,descartado,,csv_legacy,,2026-08-03,tipo Steam: dlc,escenario,,triage: tipo Steam: dlc
train-simulator-csx-sd45-2-loco-add-on,Train Simulator: CSX SD45-2 Loco Add-On,,publicado,escenario,https://store.steampowered.com/app/1717658/,https://store.steampowered.com/app/1717658/,Candidato Steam app 1717658.,descartado,,csv_legacy,,2026-08-03,tipo Steam: dlc,escenario,,triage: tipo Steam: dlc
train-simulator-gp9-loco-add-on,Train Simulator: GP9 Loco Add-On,,publicado,escenario,https://store.steampowered.com/app/208371/,https://store.steampowered.com/app/208371/,Candidato Steam app 208371.,descartado,,csv_legacy,,2026-08-03,tipo Steam: dlc,escenario,,triage: tipo Steam: dlc
train-simulator-great-northern-f7-empire-builder-loco-add-on,Train Simulator: Great Northern F7 ‘Empire Builder’ Loco Add-On,,publicado,escenario,https://store.steampowered.com/app/222590/,https://store.steampowered.com/app/222590/,Candidato Steam app 222590.,descartado,,csv_legacy,,2026-08-03,tipo Steam: dlc,escenario,,triage: tipo Steam: dlc
train-simulator-norfolk-southern-gp50hh-loco-add-on,Train Simulator: Norfolk Southern GP50HH Loco Add-On,,publicado,escenario,https://store.steampowered.com/app/1267505/,https://store.steampowered.com/app/1267505/,Candidato Steam app 1267505.,descartado,,csv_legacy,,2026-08-03,tipo Steam: dlc,escenario,,triage: tipo Steam: dlc
train-simulator-pacific-surfliner-la-san-diego-route,Train Simulator: Pacific Surfliner® LA - San Diego Route,,publicado,escenario,https://store.steampowered.com/app/222606/,https://store.steampowered.com/app/222606/,Candidato Steam app 222606.,descartado,,csv_legacy,,2026-08-03,juego base; jurisdicción: San Juan,escenario,,triage: juego base; jurisdicción: San Juan
train-simulator-raton-pass-trinidad-raton-route-add-on,Train Simulator: Raton Pass: Trinidad - Raton Route Add-On,,publicado,escenario,https://store.steampowered.com/app/704250/,https://store.steampowered.com/app/704250/,Candidato Steam app 704250.,descartado,,csv_legacy,,2026-08-03,tipo Steam: dlc,escenario,,triage: tipo Steam: dlc
train-simulator-rio-grande-southern-placerville-rico-telluride-route-add-on,Train Simulator: Rio Grande Southern: Placerville - Rico & Telluride Route Add-On,,publicado,escenario,https://store.steampowered.com/app/2288620/,https://store.steampowered.com/app/2288620/,Candidato Steam app 2288620.,descartado,,csv_legacy,,2026-08-03,tipo Steam: dlc,escenario,,triage: tipo Steam: dlc
train-simulator-santa-fe-classic-pack-01,Train Simulator: Santa Fe Classic Pack 01,,publicado,escenario,https://store.steampowered.com/app/1922044/,https://store.steampowered.com/app/1922044/,Candidato Steam app 1922044.,descartado,,csv_legacy,,2026-08-03,steam auto-descartado; terminos: santa fe,escenario,,steam auto-descartado; terminos: santa fe
train-simulator-santa-fe-super-fleet-gp60m,Train Simulator: Santa Fe Super Fleet GP60M,,publicado,escenario,https://store.steampowered.com/app/2955990/,https://store.steampowered.com/app/2955990/,Candidato Steam app 2955990.,descartado,,csv_legacy,,2026-08-03,tipo Steam: dlc,escenario,,triage: tipo Steam: dlc
train-simulator-southern-pacific-sd45t-2-loco-add-on,Train Simulator: Southern Pacific SD45T-2 Loco Add-On,,publicado,escenario,https://store.steampowered.com/app/621923/,https://store.steampowered.com/app/621923/,Candidato Steam app 621923.,descartado,,csv_legacy,,2026-08-03,tipo Steam: dlc,escenario,,triage: tipo Steam: dlc
train-simulator-tennessee-pass,Train Simulator: Tennessee Pass,,publicado,escenario,https://store.steampowered.com/app/2662430/,https://store.steampowered.com/app/2662430/,Candidato Steam app 2662430.,descartado,,csv_legacy,,2026-08-03,tipo Steam: dlc,escenario,,triage: tipo Steam: dlc
train-simulator-union-pacific-gp40x-loco-add-on,Train Simulator: Union Pacific GP40X Loco Add-On,,publicado,escenario,https://store.steampowered.com/app/1098165/,https://store.steampowered.com/app/1098165/,Candidato Steam app 1098165.,descartado,,csv_legacy,,2026-08-03,tipo Steam: dlc,escenario,,triage: tipo Steam: dlc
train-simulator-union-pacific-gp50-loco-add-on,Train Simulator: Union Pacific GP50 Loco Add-On,,publicado,escenario,https://store.steampowered.com/app/222634/,https://store.steampowered.com/app/222634/,Candidato Steam app 222634.,descartado,,csv_legacy,,2026-08-03,tipo Steam: dlc,escenario,,triage: tipo Steam: dlc
trainz-2019-dlc-pro-train-atsf-f7a-b-warbonnet-loco-bundle,Trainz 2019 DLC - Pro Train: ATSF F7A/B Warbonnet Loco Bundle,,publicado,escenario,https://store.steampowered.com/app/3237890/,https://store.steampowered.com/app/3237890/,Candidato Steam app 3237890.,descartado,,csv_legacy,,2026-08-03,steam auto-descartado; terminos: santa fe,escenario,,steam auto-descartado; terminos: santa fe
trainz-2019-dlc-pro-train-sd40-2-loco-bundle-2,Trainz 2019 DLC - Pro Train: SD40-2 Loco Bundle 2,,publicado,escenario,https://store.steampowered.com/app/2837430/,https://store.steampowered.com/app/2837430/,Candidato Steam app 2837430.,descartado,,csv_legacy,,2026-08-03,steam auto-descartado; terminos: santa fe,escenario,,steam auto-descartado; terminos: santa fe
trainz-2019-dlc-aerotrain,Trainz 2019 DLC: Aerotrain,,publicado,escenario,https://store.steampowered.com/app/570750/,https://store.steampowered.com/app/570750/,Candidato Steam app 570750.,descartado,,csv_legacy,,2026-08-03,steam auto-descartado; terminos: santa fe,escenario,,steam auto-descartado; terminos: santa fe
trainz-2019-dlc-atsf-gp38-2-santa-fe-2-pack,Trainz 2019 DLC: ATSF GP38-2 Santa FE (2 Pack),,publicado,escenario,https://store.steampowered.com/app/619420/,https://store.steampowered.com/app/619420/,Candidato Steam app 619420.,descartado,,csv_legacy,,2026-08-03,steam auto-descartado; terminos: santa fe,escenario,,steam auto-descartado; terminos: santa fe
trainz-2019-dlc-chicago-north-western-ge-dash-9-44cw,Trainz 2019 DLC: Chicago North Western GE Dash 9 44CW,,publicado,escenario,https://store.steampowered.com/app/570830/,https://store.steampowered.com/app/570830/,Candidato Steam app 570830.,descartado,,csv_legacy,,2026-08-03,steam auto-descartado; terminos: santa fe,escenario,,steam auto-descartado; terminos: santa fe
trainz-2019-dlc-dic-reefer-mechanical-refrigerator,Trainz 2019 DLC: DIC-Reefer (Mechanical Refrigerator),,publicado,escenario,https://store.steampowered.com/app/1041240/,https://store.steampowered.com/app/1041240/,Candidato Steam app 1041240.,descartado,,csv_legacy,,2026-08-03,steam auto-descartado; terminos: santa fe,escenario,,steam auto-descartado; terminos: santa fe
trainz-2019-dlc-southern-pacific-ge-cw44-9,Trainz 2019 DLC: Southern Pacific GE CW44-9,,publicado,escenario,https://store.steampowered.com/app/582130/,https://store.steampowered.com/app/582130/,Candidato Steam app 582130.,descartado,,csv_legacy,,2026-08-03,steam auto-descartado; terminos: santa fe,escenario,,steam auto-descartado; terminos: santa fe
trainz-2022-dlc-aerotrain,Trainz 2022 DLC - Aerotrain,,publicado,escenario,https://store.steampowered.com/app/1825876/,https://store.steampowered.com/app/1825876/,Candidato Steam app 1825876.,descartado,,csv_legacy,,2026-08-03,steam auto-descartado; terminos: santa fe,escenario,,steam auto-descartado; terminos: santa fe
trainz-2022-dlc-atsf-b40-8w-500-559,Trainz 2022 DLC - ATSF B40-8W 500-559,,publicado,escenario,https://store.steampowered.com/app/3844440/,https://store.steampowered.com/app/3844440/,Candidato Steam app 3844440.,descartado,,csv_legacy,,2026-08-03,steam auto-descartado; terminos: santa fe,escenario,,steam auto-descartado; terminos: santa fe
trainz-2022-dlc-atsf-gp38-2-santa-fe-2-pack,Trainz 2022 DLC - ATSF GP38-2 Santa FE (2 Pack),,publicado,escenario,https://store.steampowered.com/app/1894173/,https://store.steampowered.com/app/1894173/,Candidato Steam app 1894173.,descartado,,csv_legacy,,2026-08-03,steam auto-descartado; terminos: santa fe,escenario,,steam auto-descartado; terminos: santa fe
trainz-2022-dlc-chicago-north-western-ge-dash-9-44cw,Trainz 2022 DLC - Chicago North Western GE Dash 9 44CW,,publicado,escenario,https://store.steampowered.com/app/1827010/,https://store.steampowered.com/app/1827010/,Candidato Steam app 1827010.,descartado,,csv_legacy,,2026-08-03,steam auto-descartado; terminos: santa fe,escenario,,steam auto-descartado; terminos: santa fe
trainz-2022-dlc-dic-reefer-mechanical-refrigerator,Trainz 2022 DLC - DIC-Reefer (Mechanical Refrigerator),,publicado,escenario,https://store.steampowered.com/app/1894290/,https://store.steampowered.com/app/1894290/,Candidato Steam app 1894290.,descartado,,csv_legacy,,2026-08-03,steam auto-descartado; terminos: santa fe,escenario,,steam auto-descartado; terminos: santa fe
trainz-2022-dlc-mojave-pack,Trainz 2022 DLC - Mojave Pack,,publicado,escenario,https://store.steampowered.com/app/1959640/,https://store.steampowered.com/app/1959640/,Candidato Steam app 1959640.,descartado,,csv_legacy,,2026-08-03,steam auto-descartado; terminos: santa fe,escenario,,steam auto-descartado; terminos: santa fe
trainz-2022-dlc-pro-train-atsf-f7a-b-warbonnet-loco-bundle,Trainz 2022 DLC - Pro Train: ATSF F7A/B Warbonnet Loco Bundle,,publicado,escenario,https://store.steampowered.com/app/3237910/,https://store.steampowered.com/app/3237910/,Candidato Steam app 3237910.,descartado,,csv_legacy,,2026-08-03,steam auto-descartado; terminos: santa fe,escenario,,steam auto-descartado; terminos: santa fe
trainz-2022-dlc-pro-train-sd40-2-loco-bundle-2,Trainz 2022 DLC - Pro Train: SD40-2 Loco Bundle 2,,publicado,escenario,https://store.steampowered.com/app/2837440/,https://store.steampowered.com/app/2837440/,Candidato Steam app 2837440.,descartado,,csv_legacy,,2026-08-03,steam auto-descartado; terminos: santa fe,escenario,,steam auto-descartado; terminos: santa fe
trainz-2022-dlc-southern-pacific-ge-cw44-9,Trainz 2022 DLC - Southern Pacific GE CW44-9,,publicado,escenario,https://store.steampowered.com/app/1827011/,https://store.steampowered.com/app/1827011/,Candidato Steam app 1827011.,descartado,,csv_legacy,,2026-08-03,steam auto-descartado; terminos: santa fe,escenario,,steam auto-descartado; terminos: santa fe
trainz-plus-dlc-atsf-b40-8w-500-559,Trainz Plus DLC - ATSF B40-8W 500-559,,publicado,escenario,https://store.steampowered.com/app/3844450/,https://store.steampowered.com/app/3844450/,Candidato Steam app 3844450.,descartado,,csv_legacy,,2026-08-03,steam auto-descartado; terminos: santa fe,escenario,,steam auto-descartado; terminos: santa fe
trainz-plus-dlc-atsf-gp38-2-santa-fe-2-pack,Trainz Plus DLC - ATSF GP38-2 Santa FE (2 Pack),,publicado,escenario,https://store.steampowered.com/app/1947654/,https://store.steampowered.com/app/1947654/,Candidato Steam app 1947654.,descartado,,csv_legacy,,2026-08-03,steam auto-descartado; terminos: santa fe,escenario,,steam auto-descartado; terminos: santa fe
trainz-plus-dlc-dic-reefer-mechanical-refrigerator,Trainz Plus DLC - DIC-Reefer (Mechanical Refrigerator),,publicado,escenario,https://store.steampowered.com/app/1946378/,https://store.steampowered.com/app/1946378/,Candidato Steam app 1946378.,descartado,,csv_legacy,,2026-08-03,steam auto-descartado; terminos: santa fe,escenario,,steam auto-descartado; terminos: santa fe
trainz-plus-dlc-mojave-pack,Trainz Plus DLC - Mojave Pack,,publicado,escenario,https://store.steampowered.com/app/1959650/,https://store.steampowered.com/app/1959650/,Candidato Steam app 1959650.,descartado,,csv_legacy,,2026-08-03,steam auto-descartado; terminos: santa fe,escenario,,steam auto-descartado; terminos: santa fe
trainz-plus-dlc-pro-train-atsf-f7a-b-warbonnet-loco-bundle,Trainz Plus DLC - Pro Train: ATSF F7A/B Warbonnet Loco Bundle,,publicado,escenario,https://store.steampowered.com/app/3237940/,https://store.steampowered.com/app/3237940/,Candidato Steam app 3237940.,descartado,,csv_legacy,,2026-08-03,steam auto-descartado; terminos: santa fe,escenario,,steam auto-descartado; terminos: santa fe
trainz-plus-dlc-pro-train-sd40-2-loco-bundle-2,Trainz Plus DLC - Pro Train: SD40-2 Loco Bundle 2,,publicado,escenario,https://store.steampowered.com/app/2837450/,https://store.steampowered.com/app/2837450/,Candidato Steam app 2837450.,descartado,,csv_legacy,,2026-08-03,steam auto-descartado; terminos: santa fe,escenario,,steam auto-descartado; terminos: santa fe
trainz-simulator-dlc-aerotrain,Trainz Simulator DLC: Aerotrain,,publicado,escenario,https://store.steampowered.com/app/24673/,https://store.steampowered.com/app/24673/,Candidato Steam app 24673.,descartado,,csv_legacy,,2026-08-03,steam auto-descartado; terminos: santa fe,escenario,,steam auto-descartado; terminos: santa fe
transport-inc-map-pack,Transport INC - Map Pack,,publicado,escenario,https://store.steampowered.com/app/1845920/,https://store.steampowered.com/app/1845920/,Candidato Steam app 1845920.,descartado,,csv_legacy,,2026-08-03,steam auto-descartado; título indica demo/dlc/pack/skin,escenario,,steam auto-descartado; título indica demo/dlc/pack/skin
trs22-model-railroaders-edition,TRS22 Model Railroaders Edition,,publicado,escenario,https://store.steampowered.com/app/2743520/,https://store.steampowered.com/app/2743520/,Candidato Steam app 2743520.,descartado,,csv_legacy,,2026-08-03,juego base; jurisdicción: Santa Fe,escenario,,triage: juego base; jurisdicción: Santa Fe
truco-mobile-varios,Truco Mobile (varios),,publicado,escenario+protagonista,https://archive.org/search?query=truco+java+mobile,,Truco para Nokia y similares.,descartado,,csv_legacy,,2026-08-03,; sin app_id Steam,mixto,juegos_tradicionales,; sin app_id Steam
ts-marketplace-bnsf-scenario-pack-01,TS Marketplace: BNSF Scenario Pack 01,,publicado,escenario,https://store.steampowered.com/app/3402760/,https://store.steampowered.com/app/3402760/,Candidato Steam app 3402760.,descartado,,csv_legacy,,2026-08-03,steam auto-descartado; terminos: santa fe,escenario,,steam auto-descartado; terminos: santa fe
ts-marketplace-bnsf-scenario-pack-02,TS Marketplace: BNSF Scenario Pack 02,,publicado,escenario,https://store.steampowered.com/app/3402990/,https://store.steampowered.com/app/3402990/,Candidato Steam app 3402990.,descartado,,csv_legacy,,2026-08-03,steam auto-descartado; terminos: santa fe,escenario,,steam auto-descartado; terminos: santa fe
ts-marketplace-southern-pacific-cotton-belt-gp30-livery-add-on,TS Marketplace: Southern Pacific/Cotton Belt GP30 Livery Add-On,,publicado,escenario,https://store.steampowered.com/app/678185/,https://store.steampowered.com/app/678185/,Candidato Steam app 678185.,descartado,,csv_legacy,,2026-08-03,tipo Steam: dlc,escenario,,triage: tipo Steam: dlc
ts-marketplace-tehachapi-pass-scenario-pack-01,TS Marketplace: Tehachapi Pass Scenario Pack 01,,publicado,escenario,https://store.steampowered.com/app/1717655/,https://store.steampowered.com/app/1717655/,Candidato Steam app 1717655.,descartado,,csv_legacy,,2026-08-03,steam auto-descartado; terminos: santa fe,escenario,,steam auto-descartado; terminos: santa fe
ts-marketplace-tehachapi-pass-scenario-pack-02,TS Marketplace: Tehachapi Pass Scenario Pack 02,,publicado,escenario,https://store.steampowered.com/app/2009529/,https://store.steampowered.com/app/2009529/,Candidato Steam app 2009529.,descartado,,csv_legacy,,2026-08-03,steam auto-descartado; terminos: santa fe,escenario,,steam auto-descartado; terminos: santa fe
twin-hawk,Twin Hawk,,publicado,escenario,https://store.steampowered.com/app/2023020/,https://store.steampowered.com/app/2023020/,Candidato Steam app 2023020.,descartado,,csv_legacy,,2026-08-03,juego base; jurisdicción: Ciudad Autónoma de Buenos Aires,escenario,,triage: juego base; jurisdicción: Ciudad Autónoma de Buenos Aires
ty-the-tasmanian-tiger,TY the Tasmanian Tiger,,publicado,escenario,https://store.steampowered.com/app/411960/,https://store.steampowered.com/app/411960/,Candidato Steam app 411960.,descartado,,csv_legacy,,2026-08-03,juego base; solo ruido mate/tango/santa fe,escenario,,triage: juego base; solo ruido mate/tango/santa fe
ty-the-tasmanian-tiger-4,TY the Tasmanian Tiger 4,,publicado,escenario,https://store.steampowered.com/app/287840/,https://store.steampowered.com/app/287840/,Candidato Steam app 287840.,descartado,,csv_legacy,,2026-08-03,juego base; solo ruido mate/tango/santa fe,escenario,,triage: juego base; solo ruido mate/tango/santa fe
undead-tide-light-s-defense,Undead Tide: Light's Defense,,publicado,escenario,https://store.steampowered.com/app/4508060/,https://store.steampowered.com/app/4508060/,Candidato Steam app 4508060.,descartado,,csv_legacy,,2026-08-03,triage: juego base; jurisdicción: Misiones,escenario,,triage: juego base; jurisdicción: Misiones
vacation-adventures-park-ranger-14-collector-s-edition,Vacation Adventures: Park Ranger 14 Collector's Edition,,publicado,escenario,https://store.steampowered.com/app/2271100/,https://store.steampowered.com/app/2271100/,Candidato Steam app 2271100.,descartado,,csv_legacy,,2026-08-03,juego base; jurisdicción: San Juan,escenario,,triage: juego base; jurisdicción: San Juan
veils-of-the-past,Veils of the Past,,publicado,escenario,https://store.steampowered.com/app/3878630/,https://store.steampowered.com/app/3878630/,Candidato Steam app 3878630.,descartado,,csv_legacy,,2026-08-03,juego base; jurisdicción: Ciudad Autónoma de Buenos Aires,escenario,,triage: juego base; jurisdicción: Ciudad Autónoma de Buenos Aires
vialidad-argentina,Vialidad Argentina,2010,publicado,escenario,https://archive.org/search?query=vialidad+argentina+juego,,Juego educativo Flash de tránsito.,descartado,,csv_legacy,,2026-08-03,archive.org; sin app_id Steam,escenario,educativo,archive.org; sin app_id Steam
victoria-3-colossus-of-the-south-region-pack,Victoria 3: Colossus of the South - Region Pack,,publicado,escenario,https://store.steampowered.com/app/2591240/,https://store.steampowered.com/app/2591240/,Candidato Steam app 2591240.,descartado,,csv_legacy,,2026-08-03,steam auto-descartado; terminos: rio de la plata,escenario,,steam auto-descartado; terminos: rio de la plata
virtual-families,Virtual Families,,publicado,escenario,https://store.steampowered.com/app/16200/,https://store.steampowered.com/app/16200/,Candidato Steam app 16200.,descartado,,csv_legacy,,2026-08-03,juego base; solo ruido mate/tango/santa fe,escenario,,triage: juego base; solo ruido mate/tango/santa fe
vroom-kaboom-premium,Vroom Kaboom Premium,,publicado,escenario,https://store.steampowered.com/app/823930/,https://store.steampowered.com/app/823930/,Candidato Steam app 823930.,descartado,,csv_legacy,,2026-08-03,tipo Steam: dlc,escenario,,triage: tipo Steam: dlc
warhammer-40-000-speed-freeks,"Warhammer 40,000: Speed Freeks",,publicado,escenario,https://store.steampowered.com/app/2078450/,https://store.steampowered.com/app/2078450/,Candidato Steam app 2078450.,descartado,,csv_legacy,,2026-08-03,juego base; solo ruido mate/tango/santa fe,escenario,,triage: juego base; solo ruido mate/tango/santa fe
warhammer-end-times-vermintide,Warhammer: End Times - Vermintide,,publicado,escenario,https://store.steampowered.com/app/235540/,https://store.steampowered.com/app/235540/,Candidato Steam app 235540.,descartado,,csv_legacy,,2026-08-03,juego base; solo ruido mate/tango/santa fe,escenario,,triage: juego base; solo ruido mate/tango/santa fe
warp-tango,Warp Tango,,publicado,escenario,https://store.steampowered.com/app/1593160/,https://store.steampowered.com/app/1593160/,Candidato Steam app 1593160.,descartado,,csv_legacy,,2026-08-03,juego base; jurisdicción: Ciudad Autónoma de Buenos Aires,escenario,,triage: juego base; jurisdicción: Ciudad Autónoma de Buenos Aires
warp-tango-demo,Warp Tango Demo,,publicado,escenario,https://store.steampowered.com/app/2397740/,https://store.steampowered.com/app/2397740/,Candidato Steam app 2397740.,descartado,,csv_legacy,,2026-08-03,steam auto-descartado; terminos: tango,escenario,,steam auto-descartado; terminos: tango
wee-tanks,Wee Tanks!,,publicado,escenario,https://store.steampowered.com/app/1797680/,https://store.steampowered.com/app/1797680/,Candidato Steam app 1797680.,descartado,,csv_legacy,,2026-08-03,juego base; solo ruido mate/tango/santa fe,escenario,,triage: juego base; solo ruido mate/tango/santa fe
which-sausage-mate,"Which Sausage, Mate?",,publicado,escenario,https://store.steampowered.com/app/4429700/,https://store.steampowered.com/app/4429700/,Candidato Steam app 4429700.,descartado,,csv_legacy,,2026-08-03,juego base; solo ruido mate/tango/santa fe,escenario,,triage: juego base; solo ruido mate/tango/santa fe
who-are-you,Who Are You!?,,publicado,escenario,https://store.steampowered.com/app/2646450/,https://store.steampowered.com/app/2646450/,Candidato Steam app 2646450.,descartado,,csv_legacy,,2026-08-03,juego base; jurisdicción: Entre Ríos,escenario,,triage: juego base; jurisdicción: Entre Ríos
windward-horizon,Windward Horizon,,publicado,escenario,https://store.steampowered.com/app/2665460/,https://store.steampowered.com/app/2665460/,Candidato Steam app 2665460.,descartado,,csv_legacy,,2026-08-03,juego base; solo ruido mate/tango/santa fe,escenario,,triage: juego base; solo ruido mate/tango/santa fe
witchtastic,Witchtastic,,publicado,escenario,https://store.steampowered.com/app/1080010/,https://store.steampowered.com/app/1080010/,Candidato Steam app 1080010.,descartado,,csv_legacy,,2026-08-03,juego base; solo ruido mate/tango/santa fe,escenario,,triage: juego base; solo ruido mate/tango/santa fe
wolf-mate,Wolf Mate,,publicado,escenario,https://store.steampowered.com/app/3604030/,https://store.steampowered.com/app/3604030/,Candidato Steam app 3604030.,descartado,,csv_legacy,,2026-08-03,juego base; solo ruido mate/tango/santa fe,escenario,,triage: juego base; solo ruido mate/tango/santa fe
wolfquest-anniversary-edition,WolfQuest: Anniversary Edition,,publicado,escenario,https://store.steampowered.com/app/926990/,https://store.steampowered.com/app/926990/,Candidato Steam app 926990.,descartado,,csv_legacy,,2026-08-03,juego base; solo ruido mate/tango/santa fe,escenario,,triage: juego base; solo ruido mate/tango/santa fe
worms-ultimate-mayhem,Worms Ultimate Mayhem,,publicado,escenario,https://store.steampowered.com/app/70600/,https://store.steampowered.com/app/70600/,Candidato Steam app 70600.,descartado,,csv_legacy,,2026-08-03,juego base; solo ruido mate/tango/santa fe,escenario,,triage: juego base; solo ruido mate/tango/santa fe
wrc-5-season-pass,WRC 5 - Season Pass,,publicado,escenario,https://store.steampowered.com/app/398471/,https://store.steampowered.com/app/398471/,Candidato Steam app 398471.,descartado,,csv_legacy,,2026-08-03,tipo Steam: dlc,escenario,,triage: tipo Steam: dlc
wrc-5-wrc-esports-pack-1,WRC 5 - WRC eSports Pack 1,,publicado,escenario,https://store.steampowered.com/app/398472/,https://store.steampowered.com/app/398472/,Candidato Steam app 398472.,descartado,,csv_legacy,,2026-08-03,steam auto-descartado; terminos: argentina,escenario,,steam auto-descartado; terminos: argentina
x-plane-11-add-on-fsdg-dakar,X-Plane 11 - Add-on: FSDG - Dakar,,publicado,escenario,https://store.steampowered.com/app/991066/,https://store.steampowered.com/app/991066/,Candidato Steam app 991066.,descartado,,csv_legacy,,2026-08-03,tipo Steam: dlc,escenario,,triage: tipo Steam: dlc
yaci-yatere,Yaci Yateré,,prototipo,protagonista,https://devuego.lat/,,Duende del nordeste en juegos educativos o terror.,descartado,,csv_legacy,,2026-08-03,; sin app_id Steam,protagonista,folclore,; sin app_id Steam
yet-another-zombie-defense-hd,Yet Another Zombie Defense HD,,publicado,escenario,https://store.steampowered.com/app/674750/,https://store.steampowered.com/app/674750/,Candidato Steam app 674750.,descartado,,csv_legacy,,2026-08-03,juego base; solo ruido mate/tango/santa fe,escenario,,triage: juego base; solo ruido mate/tango/santa fe
youra-demo,Youra Demo,,publicado,escenario,https://store.steampowered.com/app/2906770/,https://store.steampowered.com/app/2906770/,Candidato Steam app 2906770.,descartado,,csv_legacy,,2026-08-03,steam auto-descartado; terminos: mendoza,escenario,,steam auto-descartado; terminos: mendoza
ypf-energia-educativa,YPF Energía Educativa,,publicado,escenario,https://mobbyt.com/,,Juegos educativos de YPF.,descartado,,csv_legacy,,2026-08-03,promocional; sin app_id Steam,escenario,educativo,promocional; sin app_id Steam
yunyun-syndrome-rhythm-psychosis,Yunyun Syndrome!? Rhythm Psychosis,,publicado,escenario,https://store.steampowered.com/app/2914150/,https://store.steampowered.com/app/2914150/,Candidato Steam app 2914150.,descartado,,csv_legacy,,2026-08-03,juego base; solo ruido mate/tango/santa fe,escenario,,triage: juego base; solo ruido mate/tango/santa fe
zen-chess-mate-in-four,Zen Chess: Mate in Four,,publicado,escenario,https://store.steampowered.com/app/1043000/,https://store.steampowered.com/app/1043000/,Candidato Steam app 1043000.,descartado,,csv_legacy,,2026-08-03,juego base; solo ruido mate/tango/santa fe,escenario,,triage: juego base; solo ruido mate/tango/santa fe
zen-chess-mate-in-one,Zen Chess: Mate in One,,publicado,escenario,https://store.steampowered.com/app/748970/,https://store.steampowered.com/app/748970/,Candidato Steam app 748970.,descartado,,csv_legacy,,2026-08-03,juego base; solo ruido mate/tango/santa fe,escenario,,triage: juego base; solo ruido mate/tango/santa fe
zen-chess-mate-in-three,Zen Chess: Mate in Three,,publicado,escenario,https://store.steampowered.com/app/1042990/,https://store.steampowered.com/app/1042990/,Candidato Steam app 1042990.,descartado,,csv_legacy,,2026-08-03,juego base; solo ruido mate/tango/santa fe,escenario,,triage: juego base; solo ruido mate/tango/santa fe
zen-chess-mate-in-two,Zen Chess: Mate in Two,,publicado,escenario,https://store.steampowered.com/app/1042980/,https://store.steampowered.com/app/1042980/,Candidato Steam app 1042980.,descartado,,csv_legacy,,2026-08-03,juego base; solo ruido mate/tango/santa fe,escenario,,triage: juego base; solo ruido mate/tango/santa fe
zero-hour,Zero Hour,,publicado,escenario,https://store.steampowered.com/app/1359090/,https://store.steampowered.com/app/1359090/,Candidato Steam app 1359090.,descartado,,csv_legacy,,2026-08-03,juego base; solo ruido mate/tango/santa fe,escenario,,triage: juego base; solo ruido mate/tango/santa fe
zombff,ZomBFF,,publicado,escenario,https://store.steampowered.com/app/3974210/,https://store.steampowered.com/app/3974210/,Candidato Steam app 3974210.,descartado,,csv_legacy,,2026-08-03,juego base; jurisdicción: Ciudad Autónoma de Buenos Aires,escenario,,triage: juego base; jurisdicción: Ciudad Autónoma de Buenos Aires
zundamon-dlc,Zundamon DLC,,publicado,escenario,https://store.steampowered.com/app/3533450/,https://store.steampowered.com/app/3533450/,Candidato Steam app 3533450.,descartado,,csv_legacy,,2026-08-03,steam auto-descartado; terminos: mate,escenario,,steam auto-descartado; terminos: mate
zupay-shadows-of-independence-demo,Zupay: Shadows of Independence Demo,,publicado,escenario,https://store.steampowered.com/app/4512720/,https://store.steampowered.com/app/4512720/,Candidato Steam app 4512720.,descartado,,csv_legacy,,2026-08-03,"steam auto-descartado; terminos: gaucho,independencia",escenario,,"steam auto-descartado; terminos: gaucho,independencia"
sin-titulo,きのこゲーム,,,,,,,descartado,,csv_legacy,,2026-08-03,juego base; jurisdicción: Ciudad Autónoma de Buenos Aires,,,
steam-2867250,きのこゲーム,,,,,,,descartado,,csv_legacy,,2026-08-03,juego base; jurisdicción: Ciudad Autónoma de Buenos Aires,,,
sin-titulo-2,セミたちはどう生きるか,,,,,,,descartado,,csv_legacy,,2026-08-03,juego base; solo ruido mate/tango/santa fe,,,
steam-3918410,セミたちはどう生きるか,,,,,,,descartado,,csv_legacy,,2026-08-03,juego base; solo ruido mate/tango/santa fe,,,
sin-titulo-3,东北往事,,publicado,escenario,https://store.steampowered.com/app/4056810/,https://store.steampowered.com/app/4056810/,Candidato Steam app 4056810.,descartado,,csv_legacy,,2026-08-03,juego base; solo ruido mate/tango/santa fe,escenario,,triage: juego base; solo ruido mate/tango/santa fe
steam-4056810,东北往事,,,,,,,descartado,,csv_legacy,,2026-08-03,juego base; solo ruido mate/tango/santa fe,,,
soul-at-stake-glad-you-came-angie-s-dress,"灵魂筹码 - 安琪星辰夜幕礼服 Soul at Stake - ""Glad You Came"" Angie's Dress",,publicado,escenario,https://store.steampowered.com/app/1112971/,https://store.steampowered.com/app/1112971/,Candidato Steam app 1112971.,descartado,,csv_legacy,,2026-08-03,tipo Steam: dlc,escenario,,triage: tipo Steam: dlc
demo,蒼色之光與魔劍鍛造師 Demo,,,,,,,descartado,,csv_legacy,,2026-08-03,tipo Steam: demo,,,
228-vampire-martina-bloody-day-2-28,血腥之日228-Vampire Martina-Bloody Day 2.28,,publicado,escenario,https://store.steampowered.com/app/1060360/,https://store.steampowered.com/app/1060360/,Candidato Steam app 1060360.,descartado,,csv_legacy,,2026-08-03,juego base; jurisdicción: Formosa,escenario,,triage: juego base; jurisdicción: Formosa
desktop-mate-widgets,電卓 - Desktop Mate Widgets,,,,,,,descartado,,csv_legacy,,2026-08-03,juego base; solo ruido mate/tango/santa fe,,,
echoes-of-formosa-agent-reborn,鯤島行者 Echoes of Formosa: Agent Reborn,,publicado,escenario,https://store.steampowered.com/app/3216860/,https://store.steampowered.com/app/3216860/,Candidato Steam app 3216860.,descartado,,csv_legacy,,2026-08-03,juego base; jurisdicción: Formosa,escenario,,triage: juego base; jurisdicción: Formosa
44-the-jail,44 The Jail,,publicado,escenario,https://store.steampowered.com/app/2702680/,https://store.steampowered.com/app/2702680/,Candidato Steam app 2702680.,en_revision,,csv_legacy,,2026-08-03,,escenario,,triage pendiente; score=3; juego base; términos fuertes: argentina
a-pirate-game-about-digging-for-treasure-and-getting-drunk,A Pirate Game About Digging For Treasure And Getting Drunk,,publicado,escenario,https://store.steampowered.com/app/3894070/,https://store.steampowered.com/app/3894070/,Candidato Steam app 3894070.,en_revision,,csv_legacy,,2026-08-03,,escenario,,steam search rosario; jurisdiccion:Santa Fe
air-wars,AIR WARS,,publicado,escenario,https://store.steampowered.com/app/1210930/,https://store.steampowered.com/app/1210930/,Candidato Steam app 1210930.,en_revision,,csv_legacy,,2026-08-03,,escenario,,triage pendiente; score=3; juego base; términos fuertes: falklands
around-the-world-travel-to-brazil,Around the World: Travel to Brazil,,publicado,escenario,https://store.steampowered.com/app/2614690/,https://store.steampowered.com/app/2614690/,Candidato Steam app 2614690.,en_revision,,csv_legacy,,2026-08-03,,escenario,,steam search iguazu; jurisdiccion:Misiones
assault-on-port-stanley,Assault on Port Stanley,,,,https://www.mobygames.com/game/58715/assault-on-port-stanley/,https://www.mobygames.com/game/58715/assault-on-port-stanley/,Juego de acción sobre el conflicto de 1982 desde un encuadre militar británico.,en_revision,,csv_legacy,recorridos_release2.json,2026-08-03,,,,
astrozombies,Astrozombies,,publicado,escenario,https://store.steampowered.com/app/1289850/,https://store.steampowered.com/app/1289850/,Candidato Steam app 1289850.,en_revision,,csv_legacy,,2026-08-03,,escenario,,triage pendiente; score=4; juego base; descripción AR; jurisdicción: Córdoba
battlescar-punk-was-invented-by-girls,BATTLESCAR: Punk Was Invented By Girls,,publicado,escenario,https://store.steampowered.com/app/1367270/,https://store.steampowered.com/app/1367270/,Candidato Steam app 1367270.,en_revision,,csv_legacy,,2026-08-03,,escenario,,steam search rosario; jurisdiccion:Santa Fe
beat-the-champions,Beat The Champions,,publicado,escenario,https://store.steampowered.com/app/4008350/,https://store.steampowered.com/app/4008350/,Candidato Steam app 4008350.,en_revision,,csv_legacy,,2026-08-03,,escenario,,triage pendiente; score=3; juego base; términos fuertes: argentina
beatlords,Beatlords,,publicado,escenario,https://store.steampowered.com/app/3604860/,https://store.steampowered.com/app/3604860/,Candidato Steam app 3604860.,en_revision,,csv_legacy,,2026-08-03,,escenario,,triage pendiente; score=3; juego base; términos fuertes: argentina
bleed-runner,BLEED RUNNER,,publicado,escenario,https://store.steampowered.com/app/2670280/,https://store.steampowered.com/app/2670280/,Candidato Steam app 2670280.,en_revision,,csv_legacy,,2026-08-03,,escenario,,steam search rosario; jurisdiccion:Santa Fe
brand-nacht,Brand Nacht,,publicado,escenario,https://store.steampowered.com/app/4795560/,https://store.steampowered.com/app/4795560/,Candidato Steam app 4795560.,en_revision,,csv_legacy,,2026-08-03,,escenario,,triage pendiente; score=3; juego base; términos fuertes: evita
chinchon,Chinchón,,publicado,escenario,https://store.steampowered.com/app/3762200/,https://store.steampowered.com/app/3762200/,Candidato Steam app 3762200.,en_revision,,csv_legacy,,2026-08-03,,escenario,,triage pendiente; score=3; juego base; términos fuertes: argentina
colosseum,Colosseum,,publicado,escenario,https://store.steampowered.com/app/4176330/,https://store.steampowered.com/app/4176330/,Candidato Steam app 4176330.,en_revision,,csv_legacy,,2026-08-03,,escenario,,triage pendiente; score=3; juego base; términos fuertes: peron
combat-air-patrol-2-military-flight-simulator,Combat Air Patrol 2: Military Flight Simulator,,publicado,escenario,https://store.steampowered.com/app/347170/,https://store.steampowered.com/app/347170/,Candidato Steam app 347170.,en_revision,,csv_legacy,,2026-08-03,,escenario,,triage pendiente; score=3; juego base; términos fuertes: falklands
command-modern-operations,Command: Modern Operations,,publicado,escenario,https://store.steampowered.com/app/1076160/,https://store.steampowered.com/app/1076160/,Candidato Steam app 1076160.,en_revision,,csv_legacy,,2026-08-03,,escenario,,triage pendiente; score=3; juego base; términos fuertes: falklands
croakoloco,Croakoloco,,publicado,escenario,https://store.steampowered.com/app/2628420/,https://store.steampowered.com/app/2628420/,Candidato Steam app 2628420.,en_revision,,csv_legacy,,2026-08-03,,escenario,,triage pendiente; score=3; juego base; descripción AR
dakar-desert-rally,Dakar Desert Rally,,publicado,escenario,https://store.steampowered.com/app/1839940/,https://store.steampowered.com/app/1839940/,Candidato Steam app 1839940.,en_revision,,csv_legacy,,2026-08-03,,escenario,,triage pendiente; score=3; juego base; términos fuertes: dakar
dogfight-80-years-of-aerial-warfare,Dogfight: 80 Years of Aerial Warfare,,publicado,escenario,https://store.steampowered.com/app/1704630/,https://store.steampowered.com/app/1704630/,Candidato Steam app 1704630.,en_revision,,csv_legacy,,2026-08-03,,escenario,,triage pendiente; score=3; juego base; términos fuertes: falklands
dome-discover,Dome Discover,,publicado,escenario,https://store.steampowered.com/app/1446470/,https://store.steampowered.com/app/1446470/,Candidato Steam app 1446470.,en_revision,,csv_legacy,,2026-08-03,,escenario,,steam search rosario; jurisdiccion:Santa Fe
el-ritmo-de-la-piedra-encantada,El ritmo de la piedra encantada,,,,https://yonsu23.itch.io/el-ritmo-de-la-piedra-encantada,https://yonsu23.itch.io/el-ritmo-de-la-piedra-encantada,"Recorrido de ritmo y enigmas por el norte neuquino, el Domuyo, tradiciones y saberes de pueblos originarios.",en_revision,,csv_legacy,recorridos_release2.json,2026-08-03,,,,
element-space,Element Space,,publicado,escenario,https://store.steampowered.com/app/887370/,https://store.steampowered.com/app/887370/,Candidato Steam app 887370.,en_revision,,csv_legacy,,2026-08-03,,escenario,,triage pendiente; score=3; juego base; términos fuertes: argentina
escoba,Escoba,,publicado,escenario,https://store.steampowered.com/app/3866030/,https://store.steampowered.com/app/3866030/,Candidato Steam app 3866030.,en_revision,,csv_legacy,,2026-08-03,,escenario,,triage pendiente; score=3; juego base; términos fuertes: argentina
exmortalis,ExMORTALIS,,publicado,escenario,https://store.steampowered.com/app/1466560/,https://store.steampowered.com/app/1466560/,Candidato Steam app 1466560.,en_revision,,csv_legacy,,2026-08-03,,escenario,,triage pendiente; score=3; juego base; términos fuertes: argentina
exo-rally-championship,Exo Rally Championship,,publicado,escenario,https://store.steampowered.com/app/2262020/,https://store.steampowered.com/app/2262020/,Candidato Steam app 2262020.,en_revision,,csv_legacy,,2026-08-03,,escenario,,triage pendiente; score=3; juego base; términos fuertes: dakar
falklands-82,Falklands 82,,,,https://www.mobygames.com/game/24228/falklands-82/,https://www.mobygames.com/game/24228/falklands-82/,Wargame internacional sobre operaciones de 1982 en las islas.,en_revision,,csv_legacy,recorridos_release2.json,2026-08-03,,,,
four-elite-warriors,Four Elite Warriors,,publicado,escenario,https://store.steampowered.com/app/2896790/,https://store.steampowered.com/app/2896790/,Candidato Steam app 2896790.,en_revision,,csv_legacy,,2026-08-03,,escenario,,triage pendiente; score=3; juego base; términos fuertes: argentina
free-kick-x,Free Kick X,,publicado,escenario,https://store.steampowered.com/app/1485450/,https://store.steampowered.com/app/1485450/,Candidato Steam app 1485450.,en_revision,,csv_legacy,,2026-08-03,,escenario,,triage pendiente; score=3; juego base; términos fuertes: argentina
furia-de-weichafes,Furia de Weichafes,,publicado,escenario,https://store.steampowered.com/app/2404790/,https://store.steampowered.com/app/2404790/,Candidato Steam app 2404790.,en_revision,,csv_legacy,,2026-08-03,,escenario,,triage pendiente; score=4; juego base; términos fuertes: pampa; jurisdicción: La Pampa
genesis-voces-de-la-niebla-voices-of-the-mist,Genesis: Voces de la Niebla (Voices of the Mist),,publicado,escenario,https://store.steampowered.com/app/4318250/,https://store.steampowered.com/app/4318250/,Candidato Steam app 4318250.,en_revision,,csv_legacy,,2026-08-03,,escenario,,triage pendiente; score=3; juego base; términos fuertes: argentina
ggj-2026-el-intruso-82,GGJ 2026 — El Intruso 82,2026,publicado,escenario,https://emiliokolo.itch.io/el-intruso-82,https://emiliokolo.itch.io/el-intruso-82,Ya en base verificada.,en_revision,,csv_legacy,,2026-08-03,,escenario,memoria,Alias/duplicado de seguimiento hacia ficha publicada `el-intruso-82`.
glass-masquerade,Glass Masquerade,,publicado,escenario,https://store.steampowered.com/app/511470/,https://store.steampowered.com/app/511470/,Candidato Steam app 511470.,en_revision,,csv_legacy,,2026-08-03,,escenario,,triage pendiente; score=3; juego base; términos fuertes: argentina
gta-san-andreas-mapa-buenos-aires,GTA San Andreas — Mapa Buenos Aires,2019,publicado,escenario,https://fmfuego.com.ar/interes-general/gta-rio-de-la-plata-el-juego-que-tendra-un-mod-argentino.htm,,Ya en base como GTA Río de la Plata.,en_revision,,csv_legacy,,2026-08-03,,escenario,cultura_urbana,mod; Alias/duplicado de seguimiento hacia ficha publicada `gta-rio-de-la-plata`.
harrier-jump-jet,Harrier Jump Jet,,publicado,escenario,https://store.steampowered.com/app/1704620/,https://store.steampowered.com/app/1704620/,Candidato Steam app 1704620.,en_revision,,csv_legacy,,2026-08-03,,escenario,,triage pendiente; score=3; juego base; términos fuertes: falklands
la-piedra-vampirica,La Piedra Vampírica,,,,https://rofler97.itch.io/la-piedra-vamprica,https://rofler97.itch.io/la-piedra-vamprica,"Ficción situada en el norte neuquino, alrededor de Gregorio Álvarez, leyendas locales y el volcán.",en_revision,,csv_legacy,recorridos_release2.json,2026-08-03,,,,
lift-it,Lift It,,publicado,escenario,https://store.steampowered.com/app/402220/,https://store.steampowered.com/app/402220/,Candidato Steam app 402220.,en_revision,,csv_legacy,,2026-08-03,,escenario,,steam search rosario; jurisdiccion:Santa Fe
lighthouse-of-the-souls-lots,Lighthouse Of The Souls (LOTS),,publicado,escenario,https://store.steampowered.com/app/2376450/,https://store.steampowered.com/app/2376450/,Candidato Steam app 2376450.,en_revision,,csv_legacy,,2026-08-03,,escenario,,triage pendiente; score=3; juego base; términos fuertes: gaucho
mario-is-missing,Mario is Missing!,,,,https://www.mobygames.com/game/7106/mario-is-missing/,https://www.mobygames.com/game/7106/mario-is-missing/,Aventura educativa internacional con una etapa en Buenos Aires.,en_revision,,csv_legacy,recorridos_release2.json,2026-08-03,,,,
matinta,Matinta,,publicado,escenario,https://store.steampowered.com/app/2396250/,https://store.steampowered.com/app/2396250/,Candidato Steam app 2396250.,en_revision,,csv_legacy,,2026-08-03,,escenario,,triage pendiente; score=4; juego base; términos fuertes: pampa; jurisdicción: La Pampa
meteoheroes,MeteoHeroes,,publicado,escenario,https://store.steampowered.com/app/1867270/,https://store.steampowered.com/app/1867270/,Candidato Steam app 1867270.,en_revision,,csv_legacy,,2026-08-03,,escenario,,steam search gran buenos aires; jurisdiccion:Buenos Aires
millennia-ancient-worlds,Millennia: Ancient Worlds,,publicado,escenario,https://store.steampowered.com/app/2829680/,https://store.steampowered.com/app/2829680/,Candidato Steam app 2829680.,en_revision,,csv_legacy,,2026-08-03,,escenario,,steam search iguazu; jurisdiccion:Misiones
multi-championchip-futsal,Multi Championchip Futsal,,publicado,escenario,https://store.steampowered.com/app/3570130/,https://store.steampowered.com/app/3570130/,Candidato Steam app 3570130.,en_revision,,csv_legacy,,2026-08-03,,escenario,,triage pendiente; score=3; juego base; términos fuertes: argentina
nazireu-1-0,Nazireu 1.0,,publicado,escenario,https://store.steampowered.com/app/3326040/,https://store.steampowered.com/app/3326040/,Candidato Steam app 3326040.,en_revision,,csv_legacy,,2026-08-03,,escenario,,steam search rosario; jurisdiccion:Santa Fe
neural-forbidden,Neural: Forbidden,,publicado,escenario,https://store.steampowered.com/app/4096020/,https://store.steampowered.com/app/4096020/,Candidato Steam app 4096020.,en_revision,,csv_legacy,,2026-08-03,,escenario,,triage pendiente; score=3; juego base; términos fuertes: argentina
one-last-journey,One Last Journey,,publicado,escenario,https://store.steampowered.com/app/3801030/,https://store.steampowered.com/app/3801030/,Candidato Steam app 3801030.,en_revision,,csv_legacy,,2026-08-03,,escenario,,steam search rosario; jurisdiccion:Santa Fe
operacion-rosario,Operación Rosario,,publicado,escenario,https://a-m-o-g-u-s-u-s.itch.io/operacion-rosario,https://a-m-o-g-u-s-u-s.itch.io/operacion-rosario,Shooter sobre la Guerra de Malvinas con perspectiva de soldado o piloto de Super Étendard.,en_revision,,csv_legacy,,2026-08-03,,escenario,,Alias/duplicado de seguimiento hacia ficha publicada `operacion-rosario`.
operation-followthrough,Operation: Followthrough,,publicado,escenario,https://store.steampowered.com/app/3720530/,https://store.steampowered.com/app/3720530/,Candidato Steam app 3720530.,en_revision,,csv_legacy,,2026-08-03,,escenario,,steam search la plata; jurisdiccion:Buenos Aires
paleontorun,PaleontoRUN,,,,https://fransabba.itch.io/paleontorun,https://fransabba.itch.io/paleontorun,"Expedición de búsqueda de fósiles en la Patagonia argentina, producida en la Patagonia Game Jam.",en_revision,,csv_legacy,recorridos_release2.json,2026-08-03,,,,
piso-6,PISO 6,,publicado,escenario,https://store.steampowered.com/app/3919710/,https://store.steampowered.com/app/3919710/,Candidato Steam app 3919710.,en_revision,,csv_legacy,,2026-08-03,,escenario,,triage pendiente; score=3; juego base; términos fuertes: argentina
pombero-the-lord-of-the-night,Pombero - The Lord of the Night,,publicado,escenario,https://store.steampowered.com/app/1368400/,https://store.steampowered.com/app/1368400/,Candidato Steam app 1368400.,en_revision,,csv_legacy,,2026-08-03,,escenario,,triage pendiente; score=4; juego base; términos fuertes: pombero; jurisdicción: Corrientes
power-revolution-2020-edition,Power & Revolution 2020 Edition,,publicado,escenario,https://store.steampowered.com/app/1379930/,https://store.steampowered.com/app/1379930/,Candidato Steam app 1379930.,en_revision,,csv_legacy,,2026-08-03,,escenario,,triage pendiente; score=3; juego base; términos fuertes: argentina
project-red-sun,Project Red Sun,,publicado,escenario,https://store.steampowered.com/app/3437690/,https://store.steampowered.com/app/3437690/,Candidato Steam app 3437690.,en_revision,,csv_legacy,,2026-08-03,,escenario,,triage pendiente; score=3; juego base; términos fuertes: dakar
recursion,RECursion,,publicado,escenario,https://store.steampowered.com/app/4196560/,https://store.steampowered.com/app/4196560/,Candidato Steam app 4196560.,en_revision,,csv_legacy,,2026-08-03,,escenario,,triage pendiente; score=3; juego base; términos fuertes: argentina
reservorio,Reservorio,,,,https://rughnar.itch.io/reservorio,https://rughnar.itch.io/reservorio,"Aventura de guardabosque en una reserva de Aconcagua, Mendoza, con fauna y referencias culturales argentinas.",en_revision,,csv_legacy,recorridos_release2.json,2026-08-03,,,,
riot-civil-unrest,RIOT: Civil Unrest,,publicado,escenario,https://store.steampowered.com/app/342310/,https://store.steampowered.com/app/342310/,Candidato Steam app 342310.,en_revision,,csv_legacy,,2026-08-03,,escenario,,triage pendiente; score=3; juego base; términos fuertes: argentina
ryn-and-the-thread-of-life,Ryn: And the thread of life,,publicado,escenario,https://store.steampowered.com/app/4130370/,https://store.steampowered.com/app/4130370/,Candidato Steam app 4130370.,en_revision,,csv_legacy,,2026-08-03,,escenario,,triage pendiente; score=3; juego base; términos fuertes: argentina
smithy-wars,Smithy Wars,,publicado,escenario,https://store.steampowered.com/app/1682580/,https://store.steampowered.com/app/1682580/,Candidato Steam app 1682580.,en_revision,,csv_legacy,,2026-08-03,,escenario,,triage pendiente; score=3; juego base; términos fuertes: argentina
tango-the-adventure-game,Tango: The Adventure Game,2018,publicado,escenario+protagonista,https://www.mobygames.com/game/117299/tango-the-adventure-game/,,"Aventura gráfica humorística sobre tango que comienza en la cárcel de Ushuaia y continúa hacia Buenos Aires, con referen",en_revision,,csv_legacy,,2026-08-03,,mixto,,Alias/duplicado de seguimiento hacia ficha publicada `tango-the-adventure-game`.
tentacle-tango,Tentacle Tango,,publicado,escenario,https://store.steampowered.com/app/3253920/,https://store.steampowered.com/app/3253920/,Candidato Steam app 3253920.,en_revision,,csv_legacy,,2026-08-03,,escenario,,triage pendiente; score=4; juego base; descripción AR; jurisdicción: Ciudad Autónoma de Buenos Aires
the-four-kings-casino-and-slots,The Four Kings Casino and Slots,,publicado,escenario,https://store.steampowered.com/app/260430/,https://store.steampowered.com/app/260430/,Candidato Steam app 260430.,en_revision,,csv_legacy,,2026-08-03,,escenario,,triage pendiente; score=3; juego base; términos fuertes: argentina
the-house-of-the-missing-hands,The house of the missing hands,,publicado,escenario,https://store.steampowered.com/app/2733680/,https://store.steampowered.com/app/2733680/,Candidato Steam app 2733680.,en_revision,,csv_legacy,,2026-08-03,,escenario,,triage pendiente; score=3; juego base; términos fuertes: argentina
the-lord-of-the-night-pombero-reborn,THE LORD OF THE NIGHT: Pombero Reborn,,publicado,escenario,https://store.steampowered.com/app/2526370/,https://store.steampowered.com/app/2526370/,Candidato Steam app 2526370.,en_revision,,csv_legacy,,2026-08-03,,escenario,,triage pendiente; score=4; juego base; términos fuertes: pombero; jurisdicción: Corrientes
the-man-behind-the-trigger,The Man Behind the Trigger,,publicado,escenario,https://store.steampowered.com/app/4360480/,https://store.steampowered.com/app/4360480/,Candidato Steam app 4360480.,en_revision,,csv_legacy,,2026-08-03,,escenario,,triage pendiente; score=3; juego base; términos fuertes: gaucho
the-many-sins-of-house-ocampo,The Many Sins of House Ocampo,,publicado,escenario,https://store.steampowered.com/app/4102890/,https://store.steampowered.com/app/4102890/,Candidato Steam app 4102890.,en_revision,,csv_legacy,,2026-08-03,,escenario,,triage pendiente; score=3; juego base; términos fuertes: patagonia
the-operational-art-of-war-iv,The Operational Art of War IV,,publicado,escenario,https://store.steampowered.com/app/792660/,https://store.steampowered.com/app/792660/,Candidato Steam app 792660.,en_revision,,csv_legacy,,2026-08-03,,escenario,,triage pendiente; score=3; juego base; términos fuertes: falklands
traveler-stories-journeys-of-real-people,Traveler Stories: Journeys of Real People,,publicado,escenario,https://store.steampowered.com/app/3975150/,https://store.steampowered.com/app/3975150/,Candidato Steam app 3975150.,en_revision,,csv_legacy,,2026-08-03,,escenario,,triage pendiente; score=3; juego base; términos fuertes: argentina
triennale-game-collection-2,Triennale Game Collection 2,,publicado,escenario,https://store.steampowered.com/app/2061460/,https://store.steampowered.com/app/2061460/,Candidato Steam app 2061460.,en_revision,,csv_legacy,,2026-08-03,,escenario,,triage pendiente; score=3; juego base; términos fuertes: argentina
twofold,Twofold,,publicado,escenario,https://store.steampowered.com/app/1749770/,https://store.steampowered.com/app/1749770/,Candidato Steam app 1749770.,en_revision,,csv_legacy,,2026-08-03,,escenario,,steam search rosario; jurisdiccion:Santa Fe
valerosa,Valerosa,,,,https://store.steampowered.com/app/2560960/Valerosa/;https://play.google.com/store/apps/details?id=com.ojerasteam.valerosa,https://store.steampowered.com/app/2560960/Valerosa/,"Estrategia educativa sobre hitos de los derechos de las mujeres en Argentina: sufragio, divorcio y aborto.",en_revision,,csv_legacy,recorridos_release2.json,2026-08-03,,,,
voyager,Voyager,,publicado,escenario,https://store.steampowered.com/app/1351180/,https://store.steampowered.com/app/1351180/,Candidato Steam app 1351180.,en_revision,,csv_legacy,,2026-08-03,,escenario,,triage pendiente; score=3; juego base; términos fuertes: argentina
vr-time-machine-travelling-in-ancient-civilizations-mayan-kingdom-inca-empire-indians-and-aztecs-before-conquest-a-d-1000,"VR Time Machine Travelling in ancient civilizations: Mayan Kingdom, Inca Empire, Indians, and Aztecs before conquest A.D.1000",,publicado,escenario,https://store.steampowered.com/app/1399150/,https://store.steampowered.com/app/1399150/,Candidato Steam app 1399150.,en_revision,,csv_legacy,,2026-08-03,,escenario,,triage pendiente; score=4; juego base; términos fuertes: argentina; jurisdicción: Tucumán
world-enduro-rally,World Enduro Rally,,publicado,escenario,https://store.steampowered.com/app/933840/,https://store.steampowered.com/app/933840/,Candidato Steam app 933840.,en_revision,,csv_legacy,,2026-08-03,,escenario,,triage pendiente; score=3; juego base; términos fuertes: argentina
zombodesert,Zombodesert,,publicado,escenario,https://store.steampowered.com/app/2864300/,https://store.steampowered.com/app/2864300/,Candidato Steam app 2864300.,en_revision,,csv_legacy,,2026-08-03,,escenario,,steam search rosario; jurisdiccion:Santa Fe
24m-la-memoria-en-marcha,24M - La Memoria en Marcha,2025,publicado,,,,Alta histórica reconciliada desde games.json,publicado,memoria-en-marcha-24m,csv_legacy,juegos_x_memoria.json,2026-08-03,,,,
aconcagua,Aconcagua,1999,publicado,escenario,https://www.infobae.com/gaming/2021/01/17/9-videojuegos-con-niveles-ambientados-en-argentina-y-la-eleccion-de-mendoza-para-hitman-3/,,Aventura de supervivencia en una Mendoza ficticia tras un accidente de avión en el Aconcagua.,publicado,aconcagua-1999,csv_legacy,,2026-08-03,,escenario,,
adiviname,ADIVINAME,2026,publicado,,,,Alta histórica reconciliada desde games.json,publicado,adiviname,csv_legacy,juegos_x_memoria.json,2026-08-03,,,,
aesir-online,AESIR Online,,publicado,escenario+protagonista,https://store.steampowered.com/app/2324940/AESIR_Online/,https://store.steampowered.com/app/2324940/AESIR_Online/,MMORPG argentino inspirado en Argentum Online (Godot).,publicado,aesir-online,csv_legacy,,2026-08-03,,mixto,historia,steam search argentina
ahora-mas-que-nunca,Ahora Más Que Nunca,2023,publicado,,,,Alta histórica reconciliada desde games.json,publicado,ahora-mas-que-nunca,csv_legacy,juegos_x_memoria.json,2026-08-03,,,,
anahi,Anahí,,prototipo,protagonista,https://itch.io,,Juego sobre la leyenda de Anahí y cultura guaraní del Litoral argentino.,publicado,anahi-juego,csv_legacy,,2026-08-03,,protagonista,,
another-s-memories,Another's Memories,,publicado,escenario,https://store.steampowered.com/app/3955730/Anothers_Memories/,https://store.steampowered.com/app/3955730/Anothers_Memories/,Terror psicológico en casa de campo argentina. Altun Studios.,publicado,anothers-memories,csv_legacy,,2026-08-03,,escenario,folclore,steam search argentina
antarctic-adventure,Antarctic Adventure,2022,publicado,,,,Alta histórica reconciliada desde games.json,publicado,antarctic-adventure-untdf,csv_legacy,recorridos_release2.json,2026-08-03,,,,
ara-history-untold-eva-peron,Ara: History Untold — Eva Perón,2024,publicado,protagonista,https://www.oxidegames.com/,,Estrategia 4X con Eva Perón como líder jugable de Argentina.,publicado,ara-history-untold-evita,csv_legacy,,2026-08-03,,protagonista,,
arcana,Arcana,,publicado,escenario,https://store.steampowered.com/app/3037740/,https://store.steampowered.com/app/3037740/,Candidato Steam app 3037740.,publicado,arcana-ucsb,csv_legacy,,2026-08-03,,escenario,,batch7 incorporar; score=5; juego base; descripción AR; términos fuertes: gaucho
argentina-8-bit,Argentina 8 Bit,2020,publicado,escenario,https://www.extragamers.com.ar/2022/04/juegos-argentinos-ambientados-en-buenos-aires.html,,"Trivia social con Plaza de Mayo virtual, museos y cultura pop argentina.",publicado,argentina-8-bit,csv_legacy,,2026-08-03,,escenario,,
argentina-recicla,Argentina Recicla,,publicado,escenario,https://hiebaum.itch.io/argentina-recicla,https://hiebaum.itch.io/argentina-recicla,Serious game del programa Argentina Recicla sobre buenas prácticas de reciclado y el rol de recuperadoras urbanas.,publicado,argentina-recicla,csv_legacy,,2026-08-03,,escenario,,
argentina-y-sus-provincias,Argentina Y Sus Provincias,,publicado,escenario,https://itch.io,,Juego para memorizar la geografía política de Argentina y sus provincias.,publicado,argentina-y-sus-provincias,csv_legacy,,2026-08-03,,escenario,,
argie-el-carpincho,ARGIE - El Carpincho,,publicado,escenario+protagonista,https://argiegames.itch.io/argie,https://argiegames.itch.io/argie,"Plataformero 2D educativo donde Argie, un carpincho, viaja por Argentina aprendiendo geografía mientras recolecta mateci",publicado,argie-el-carpincho,csv_legacy,,2026-08-03,,mixto,,
atuel,Atuel,2022,publicado,escenario,https://pressover.news/noticias/atuel-el-videojuego-documental-argentino-llega-a-steam-y-google-play/,https://store.steampowered.com/app/2794330/Atuel/,Documental interactivo surrealista sobre el río Atuel en Mendoza. Recorre el ecosistema desde la montaña hasta el embals,publicado,atuel-2022,csv_legacy,,2026-08-03,,escenario,,
avaroth-online,Avaroth Online,,publicado,escenario,https://store.steampowered.com/app/2784670/,https://store.steampowered.com/app/2784670/,Candidato Steam app 2784670.,publicado,avaroth-online,csv_legacy,,2026-08-03,,escenario,,batch7 incorporar; score=8; juego base; dev/publisher AR; descripción AR; términos fuertes: argentina
avenida-del-silencio,Avenida del Silencio,2026,publicado,,,,Alta histórica reconciliada desde games.json,publicado,avenida-del-silencio,csv_legacy,,2026-08-03,,,,
aventuras-maritimas-la-historia-de-la-moneda-de-plata,Aventuras Marítimas: la historia de la moneda de plata,2024,publicado,,,,Alta histórica reconciliada desde games.json,publicado,aventuras-maritimas,csv_legacy,recorridos_release2.json,2026-08-03,,,,
aws-argentina-wingshooting-simulator,AWS Argentina Wingshooting Simulator,2017,publicado,,,,Alta histórica reconciliada desde games.json,publicado,aws-argentina-wingshooting,csv_legacy,,2026-08-03,,,,
b-horror-subway,B-Horror: Subway,2023,publicado,,,,Alta histórica reconciliada desde games.json,publicado,b-horror-subway,csv_legacy,recorridos_release2.json,2026-08-03,,,,
banderas-de-las-provincias-de-argentina,Banderas de las provincias de Argentina,,publicado,escenario,https://mobbyt.com/videojuego/educativo/?Id=262495,https://mobbyt.com/videojuego/educativo/?Id=262495,Memotest educativo de banderas provinciales argentinas.,publicado,mobbyt-banderas-provincias,csv_legacy,,2026-08-03,,escenario,,
battlefield-bad-company-2-andes,Battlefield: Bad Company 2 (Andes),2010,publicado,escenario,https://www.infobae.com/gaming/2021/01/17/9-videojuegos-con-niveles-ambientados-en-argentina-y-la-eleccion-de-mendoza-para-hitman-3/,,Misiones 'Metal Pesado' y 'Objetivo de Gran Valor' ambientadas en los Andes patagónicos argentinos.,publicado,battlefield-bad-company-2-andes,csv_legacy,,2026-08-03,,escenario,,
bienvenidos-a-la-matanza,Bienvenidos a La Matanza,,en_desarrollo,escenario,https://elplanteo.com/bienvenidos-a-la-matanza/,,Open world de acción inspirado en el conurbano bonaerense estilo GTA villero.,publicado,bienvenidos-a-la-matanza,csv_legacy,,2026-08-03,,escenario,,
bitacoras-patrias-remedios-del-valle,Bitácoras Patrias: Remedios del Valle,,publicado,protagonista,https://bitacoraspatrias.itch.io/,https://bitacoraspatrias.itch.io/,"Colección de minijuegos educativos sobre Remedios del Valle, prócer de las invasiones inglesas, la Campaña del Alto Perú",publicado,bitacoras-patrias-remedios,csv_legacy,,2026-08-03,,protagonista,,
bloodrayne-argentina-2,BloodRayne (Argentina),2002,publicado,escenario,https://www.infobae.com/gaming/2021/01/17/9-videojuegos-con-niveles-ambientados-en-argentina-y-la-eleccion-de-mendoza-para-hitman-3/,,Niveles en una base nazi oculta en la Patagonia argentina posterior a la Segunda Guerra Mundial.,publicado,bloodrayne-argentina,csv_legacy,,2026-08-03,,escenario,,
borealis-descent,Borealis Descent,,publicado,escenario,https://store.steampowered.com/app/2161980/,https://store.steampowered.com/app/2161980/,Candidato Steam app 2161980.,publicado,borealis-descent,csv_legacy,,2026-08-03,,escenario,,batch7 incorporar; score=7; juego base; dev/publisher AR; descripción AR; jurisdicción: Mendoza
buenos-aires-mirror-line,Buenos Aires Mirror Line,2026,publicado,escenario,https://devuego.lat/bd/fjuego/buenos-aires-mirror-line,https://store.steampowered.com/app/3987420/Buenos_Aires_Mirror_Line/,"Terror psicológico corto inspirado en Exit 8, ambientado en la bruma de Buenos Aires con música basada en cumbia y regga",publicado,buenos-aires-mirror-line,csv_legacy,,2026-08-03,,escenario,,
built-brick-by-brick,Built Brick by Brick,,publicado,escenario,https://store.steampowered.com/app/3819930/Built_Brick_by_Brick/,https://store.steampowered.com/app/3819930/Built_Brick_by_Brick/,Simulación de vida y construcción en el campo argentino.,publicado,built-brick-by-brick,csv_legacy,,2026-08-03,,escenario,geografia,steam search argentina
busqueda-interestelar,Búsqueda Interestelar,,publicado,escenario+protagonista,https://icom.museum/en/news/museums-video-games-two-projects-developed-in-argentina/,,Plataformero educativo sobre la creación del Observatorio Astronómico de Córdoba durante la presidencia de Domingo Faust,publicado,busqueda-interestelar,csv_legacy,,2026-08-03,,mixto,,
c-a-b-a-demo,C.A.B.A. (demo),,prototipo,escenario,https://www.videojuegosargentinos.com.ar/,,Demo de terror retro ambientada en la Ciudad Autónoma de Buenos Aires.,publicado,caba-demo-hypnos,csv_legacy,,2026-08-03,,escenario,,
call-of-duty-ghosts-clockwork,Call of Duty: Ghosts — Clockwork,2013,publicado,escenario,https://callofduty.fandom.com/wiki/Clockwork,,Misión de sigilo en los Andes patagónicos de Argentina.,publicado,cod-ghosts-clockwork,csv_legacy,,2026-08-03,,escenario,,
cambalache-buenos-aires,Cambalache - Buenos Aires,2021,publicado,,,,Alta histórica reconciliada desde games.json,publicado,cambalache-buenos-aires,csv_legacy,,2026-08-03,,,,
carmen-aventuras-en-el-pasado,Carmen: aventuras en el pasado,,publicado,escenario+protagonista,https://icom.museum/en/news/museums-video-games-two-projects-developed-in-argentina/,https://video-juego-carmen-funes.itch.io/carmen-aventuras-en-el-pasado-saga-1,Aventura gráfica educativa sobre la historia de Plaza Huincul (Neuquén) a través de la fortinera Carmen Funes y el descu,publicado,carmen-aventuras-en-el-pasado,csv_legacy,,2026-08-03,,mixto,,
cebador,Cebador,,publicado,escenario+protagonista,https://cebadoreljuego.com/,https://cebadoreljuego.com/,Juego mobile argentino para aprender a cebar mate; gratis en Android e iOS.,publicado,cebador,csv_legacy,,2026-08-03,,mixto,folclore;juegos_tradicionales,
chacal,CHACAL,,publicado,escenario+protagonista,https://store.steampowered.com/app/1528370/CHACAL/,https://store.steampowered.com/app/1528370/CHACAL/,Bullet hell recorriendo Argentina hasta derrotar al presidente Francisco.,publicado,chacal,csv_legacy,,2026-08-03,,mixto,politica;satira,steam search argentina
chameleon-puerto-de-buenos-aires,Chameleon (Puerto de Buenos Aires),2006,publicado,escenario,https://www.infobae.com/gaming/2021/01/17/9-videojuegos-con-niveles-ambientados-en-argentina-y-la-eleccion-de-mendoza-para-hitman-3/,,Nivel de espionaje ambientado en el puerto de Buenos Aires.,publicado,chameleon-buenos-aires,csv_legacy,,2026-08-03,,escenario,,
civilization-vi-buenos-aires-city-state,Civilization VI — Buenos Aires (city-state),2016,publicado,escenario,https://civilization.fandom.com/wiki/Buenos_Aires_(Civ6),,Buenos Aires como city-state industrial jugable en Civilization VI.,publicado,civ6-buenos-aires,csv_legacy,,2026-08-03,,escenario,,
civilization-vi-mod-argentina-leugi,Civilization VI — Mod Argentina (Leugi),,publicado,escenario+protagonista,https://steamcommunity.com/sharedfiles/filedetails/?id=910530559,https://steamcommunity.com/sharedfiles/filedetails/?id=910530559,"Mod de Workshop que agrega Argentina como civilización con San Martín, Eva Perón y gauchos.",publicado,civ6-mod-argentina,csv_legacy,,2026-08-03,,mixto,,
command-mo-falklands,Command:MO - Falklands,2022,publicado,,,,Alta histórica reconciliada desde games.json,publicado,command-falklands,csv_legacy,,2026-08-03,,,,
construyendo-memoria,Construyendo Memoria,2024,publicado,,,,Alta histórica reconciliada desde games.json,publicado,construyendo-memoria,csv_legacy,juegos_x_memoria.json,2026-08-03,,,,
conur-life,Conur Life,,en_desarrollo,escenario,https://www.extragamers.com.ar/2022/04/juegos-argentinos-ambientados-en-buenos-aires.html,,"GTA-like en pixel art ambientado en San Hugo, ciudad ficticia inspirada en Florencio Varela.",publicado,conur-life,csv_legacy,,2026-08-03,,escenario,,
costureras-de-la-patria-en-proceso,Costureras de la Patria (En proceso),2026,en_desarrollo,,,,Alta histórica reconciliada desde games.json,publicado,costureras-de-la-patria,csv_legacy,juegos_x_memoria.json,2026-08-03,,,,
counter-strike-malvinas,Counter Strike: Malvinas,2013,publicado,,,,Alta histórica reconciliada desde games.json,publicado,counter-strike-malvinas,csv_legacy,,2026-08-03,,,,
cristina-vs-gorilas,Cristina vs Gorilas,2016,publicado,protagonista,https://nicolasbroner.wordpress.com/2016/02/05/cristina-vs-gorilas/,,Android. Nac&Pop. Sátira peronista vs gorilas y buitres.,publicado,cristina-vs-gorilas,csv_legacy,,2026-08-03,,protagonista,politica;satira,sensibilidad alta
cronista-del-bombardeo,Cronista del bombardeo,2026,en_desarrollo,,,,Alta histórica reconciliada desde games.json,publicado,cronista-del-bombardeo,csv_legacy,juegos_x_memoria.json,2026-08-03,,,,
cronicas-de-los-libertadores,Crónicas de los Libertadores,,en_desarrollo,escenario+protagonista,https://www.infobae.com/def/2024/01/06/crearon-un-videojuego-con-personajes-de-la-historia-argentina-como-nacio-cronica-de-los-libertadores/,https://store.steampowered.com/app/2603120/Liberators_Chronicles/,Estrategia por turnos Digi Learnnials.,publicado,cronicas-libertadores,csv_legacy,,2026-08-03,,mixto,historia,
curilemu,Curilemu,,publicado,escenario,https://store.steampowered.com/app/2362780/,https://store.steampowered.com/app/2362780/,Candidato Steam app 2362780.,publicado,curilemu,csv_legacy,,2026-08-03,,escenario,,batch7 incorporar; score=5; juego base; descripción AR; términos fuertes: patagonia
dakar-18,Dakar 18,2018,publicado,,,,Alta histórica reconciliada desde games.json,publicado,dakar-18-argentina,csv_legacy,,2026-08-03,,,,
dcs-south-atlantic,DCS: South Atlantic,2022,publicado,,,,Alta histórica reconciliada desde games.json,publicado,dcs-south-atlantic,csv_legacy,,2026-08-03,,,,
de-regreso-al-habitat,De Regreso Al Hábitat,,publicado,,,,Alta histórica reconciliada desde games.json,publicado,de-regreso-al-habitat,csv_legacy,recorridos_release2.json,2026-08-03,,,,
dead-world,Dead World,,publicado,escenario+protagonista,https://store.steampowered.com/app/1376960/Dead_World/,https://store.steampowered.com/app/1376960/Dead_World/,FPS post-apocalíptico en Argentina devastada. Milanesa Studio.,publicado,dead-world,csv_legacy,,2026-08-03,,mixto,memoria,steam search argentina
deep-beyond,Deep Beyond,2024,publicado,escenario,https://pressover.news/articulos/los-mejores-videojuegos-argentinos-de-2024/,,Thriller narrativo de puzzles con identidad platense.,publicado,deep-beyond-2024,csv_legacy,,2026-08-03,,escenario,,
defensores-de-la-patria,Defensores de la Patria,2026,publicado,,,,Alta histórica reconciliada desde games.json,publicado,defensores-de-la-patria,csv_legacy,juegos_x_memoria.json,2026-08-03,,,,
defensores-del-barrio,DEFENSORES DEL BARRIO,2026,publicado,,,,Alta histórica reconciliada desde games.json,publicado,defensores-del-barrio,csv_legacy,,2026-08-03,,,,
desvelado,Desvelado,2024,publicado,escenario,https://pressover.news/articulos/los-mejores-videojuegos-argentinos-de-2024/,,Plataformero 2D con estética argentina sobre un vampiro infantil que debe volver antes del amanecer.,publicado,desvelado-2024,csv_legacy,,2026-08-03,,escenario,,
dirt-rally-2-0,DiRT Rally 2.0,2019,publicado,,,,Alta histórica reconciliada desde games.json,publicado,dirt-rally-2-argentina,csv_legacy,,2026-08-03,,,,
don-ceferino-hazana,Don Ceferino Hazaña,2004,publicado,protagonista,https://hugoruscitti.github.io/losersjuegos.com.ar/juegos/ceferino.html,https://hugoruscitti.github.io/losersjuegos.com.ar/juegos/ceferino.html,Gaucho argentino debe rescatar su vaca de alienígenas en un juego estilo Super Pang. Ícono del desarrollo libre argentin,publicado,don-ceferino-hazana,csv_legacy,,2026-08-03,,protagonista,,
doorways-holy-mountains-of-flesh,Doorways: Holy Mountains of Flesh,2016,publicado,,,,Alta histórica reconciliada desde games.json,publicado,doorways-holy-mountains,csv_legacy,,2026-08-03,,,,
drident,Drident,,publicado,escenario,https://store.steampowered.com/app/4806100/Drident/,https://store.steampowered.com/app/4806100/Drident/,Survival horror en bosque argentino. Big Mount Interactive.,publicado,drident,csv_legacy,,2026-08-03,,escenario,folclore,steam search argentina
donde-deberia-estar,Dónde debería estar.,2026,publicado,,,,Alta histórica reconciliada desde games.json,publicado,donde-deberia-estar,csv_legacy,,2026-08-03,,,,
echoes-of-the-city,Echoes of the City,,en_desarrollo,escenario,https://elplanteo.com/echoes-of-the-city-videojuego-dictadura-argentina/,,"Terror psicológico low poly ambientado en San Telmo y la Plaza Dorrego, vinculado a la memoria histórica y el folklore p",publicado,echoes-of-the-city,csv_legacy,,2026-08-03,,escenario,,
ecos,Ecos,2023,publicado,,,,Alta histórica reconciliada desde games.json,publicado,ecos-ex-esma,csv_legacy,juegos_x_memoria.json,2026-08-03,,,,
efootball-pes-2020-superliga-quilmes-clasica,eFootball PES 2020 (Superliga Quilmes Clásica),2019,publicado,deporte,https://www.clarin.com/tecnologia/boca-river-protagonistas-pes-2020-hizo-presentacion-oficial-argentina_0_8n81eXsKH.html,,Incluye la Superliga Quilmes Clásica con 24 clubes argentinos como contenido licenciado central en el mercado local.,publicado,efootball-pes-2020-superliga,csv_legacy,,2026-08-03,,deporte,,
el-39,El 39,2025,publicado,escenario,https://devuego.lat/bd/fjuego/el-39,https://store.steampowered.com/app/3126150/El_39/,Terror corto estilo PSX ambientado en Constitución a la madrugada. El jugador intenta tomar el colectivo 39 para llegar,publicado,el-39-2025,csv_legacy,,2026-08-03,,escenario,,
el-gaucho-martin-fierro,El Gaucho Martín Fierro,,publicado,escenario+protagonista,https://store.steampowered.com/app/3610780/El_gaucho_Martn_Fierro/,https://store.steampowered.com/app/3610780/El_gaucho_Martn_Fierro/,Adaptación del poema de Hernández.,publicado,el-gaucho-martin-fierro,csv_legacy,,2026-08-03,,mixto,literatura;folclore,
el-intruso-82,El Intruso 82,2026,publicado,escenario,https://emiliokolo.itch.io/el-intruso-82,https://emiliokolo.itch.io/el-intruso-82,Juego de la Global Game Jam 2026: un soldado argentino debe sobrevivir en un barco inglés durante la Guerra de Malvinas.,publicado,el-intruso-82,csv_legacy,,2026-08-03,,escenario,,
el-jardin-de-la-memoria,El Jardín de la Memoria,2023,en_desarrollo,,,,Alta histórica reconciliada desde games.json,publicado,jardin-de-la-memoria,csv_legacy,juegos_x_memoria.json,2026-08-03,,,,
el-tango-de-la-muerte,El Tango de la Muerte,2018,publicado,escenario+protagonista,https://store.steampowered.com/app/701380/El_Tango_de_la_Muerte/,https://store.steampowered.com/app/701380/El_Tango_de_la_Muerte/,Rhythm game melodrama tanguero Argentina 1923. Hernán Smicht.,publicado,el-tango-de-la-muerte,csv_legacy,,2026-08-03,,mixto,musica;historia,steam search argentina
elifoot-98-liga-argentina,Elifoot 98 — Liga Argentina,1998,publicado,deporte,https://www.pcfutbol.com/,,Simulador con modo liga argentina.,publicado,elifoot-98-liga-argentina,csv_legacy,,2026-08-03,,deporte,deporte,verificar edición
empire-total-war-mods-america-colonial,Empire: Total War — Mods América colonial,2009,publicado,escenario,https://steamcommunity.com/workshop/browse/?appid=10500&searchtext=argentina+colonial,https://store.steampowered.com/app/10500/Empire_Total_War/,Mods colonial Río de la Plata.,publicado,empire-total-war-mods-america,csv_legacy,,2026-08-03,,escenario,historia,tipo mod
en-busca-de-la-libertad,En busca de la libertad,,publicado,escenario+protagonista,https://store.steampowered.com/app/4119760/In_Search_of_Freedom/,https://store.steampowered.com/app/4119760/In_Search_of_Freedom/,Zombies y sátira política argentina. Pierucci Studios.,publicado,en-busca-de-la-libertad,csv_legacy,,2026-08-03,,mixto,politica;satira,steam search argentina
envido,Envido,,publicado,escenario,https://store.steampowered.com/app/3872160/,https://store.steampowered.com/app/3872160/,Candidato Steam app 3872160.,publicado,envido,csv_legacy,,2026-08-03,,escenario,,batch7 incorporar; score=5; juego base; descripción AR; términos fuertes: gaucho
estancia-protocol-zero,Estancia Protocol Zero,,en_desarrollo,,,,Alta histórica reconciliada desde games.json,publicado,estancia-protocol-zero,csv_legacy,recorridos_release2.json,2026-08-03,,,,
estudiante-en-dictadura-v0-3-prototipo,Estudiante en dictadura v0.3 (prototipo),2026,prototipo,,,,Alta histórica reconciliada desde games.json,publicado,estudiante-en-dictadura-v03,csv_legacy,,2026-08-03,,,,
ethereal,ETHEREAL,,publicado,escenario,https://store.steampowered.com/app/751220/,https://store.steampowered.com/app/751220/,Candidato Steam app 751220.,publicado,ethereal,csv_legacy,,2026-08-03,,escenario,,batch7 incorporar; score=6; juego base; dev/publisher AR; términos fuertes: argentina
europa-universalis-iv,Europa Universalis IV,2013,publicado,escenario+protagonista,https://store.steampowered.com/app/236850/Europa_Universalis_IV/,https://store.steampowered.com/app/236850/Europa_Universalis_IV/,Jugable como Provincias Unidas.,publicado,europa-universalis-iv-argentina,csv_legacy,,2026-08-03,,mixto,historia,
evita-y-peron-contra-los-gorilas,Evita y Perón contra los Gorilas,2011,publicado,protagonista,https://pressover.news/articulos/evita-y-peron-contra-los-gorilas/,https://www.kongregate.com/en/games/sanafapech/evita-y-peron-contra-los-gorilas,CodeAr jam 2011. Shooter pixel art.,publicado,evita-peron-contra-gorilas,csv_legacy,,2026-08-03,,protagonista,politica;satira,
f11-football-manager,F11 Football Manager,2023,publicado,deporte,https://nogamingnews.com/f11-football-manager-el-sucesor-espiritual-y-argentino-del-pc-futbol,,"Manager de fútbol móvil argentino considerado sucesor espiritual de PC Fútbol, con ligas y equipos del fútbol local.",publicado,f11-football-manager,csv_legacy,,2026-08-03,,deporte,,
falcon-76,Falcon 76,2026,publicado,,,,Alta histórica reconciliada desde games.json,publicado,falcon-76,csv_legacy,juegos_x_memoria.json,2026-08-03,,,,
farol-del-diablo,Farol del Diablo,,en_desarrollo,escenario,https://devuego.lat/bd/fjuego/pomberito,,"Terror ambientado en el pueblo de Loma Quebrada, Argentina.",publicado,farol-del-diablo,csv_legacy,,2026-08-03,,escenario,,
fast-furious-showdown-aeroparque,Fast & Furious: Showdown (Aeroparque),2013,publicado,escenario,https://www.infobae.com/gaming/2021/01/17/9-videojuegos-con-niveles-ambientados-en-argentina-y-la-eleccion-de-mendoza-para-hitman-3/,,Circuito inspirado en Aeroparque y el Río de la Plata en Buenos Aires.,publicado,fast-furious-showdown-aeroparque,csv_legacy,,2026-08-03,,escenario,,
federacion-2073,Federación 2073,,abandonware,escenario+protagonista,https://www.lanacion.com.ar/tecnologia/videojuegos-hechos-en-la-argentina-nid543208/,,MMO argentino Buenos Aires futurista años 2000.,publicado,federacion-2073,csv_legacy,,2026-08-03,,mixto,cultura_urbana,servidores caídos
fifa-street-caminito-2,FIFA Street (Caminito),2005,publicado,escenario,https://www.infobae.com/gaming/2021/01/17/9-videojuegos-con-niveles-ambientados-en-argentina-y-la-eleccion-de-mendoza-para-hitman-3/,,"Modo historia con nivel ambientado en Caminito, La Boca, Buenos Aires.",publicado,fifa-street-caminito,csv_legacy,,2026-08-03,,escenario,,
flora-and-the-ceibo-seeds,Flora and the Ceibo Seeds,,early_access,escenario+protagonista,https://store.steampowered.com/app/2600260/Flora_and_the_Ceibo_Seeds/,https://store.steampowered.com/app/2600260/Flora_and_the_Ceibo_Seeds/,Aventura 3D sobre leyendas originarias argentinas y problemática ambiental del ceibo.,publicado,flora-ceibo-seeds,csv_legacy,,2026-08-03,,mixto,,
floreceran-panuelos,Floreceran Pañuelos,2026,publicado,,,,Alta histórica reconciliada desde games.json,publicado,floreceran-panuelos,csv_legacy,juegos_x_memoria.json,2026-08-03,,,,
fortnite-mapas-turisticos,Fortnite — Mapas turísticos,,publicado,escenario,https://www.infobae.com/gaming/2021/01/17/9-videojuegos-con-niveles-ambientados-en-argentina-y-la-eleccion-de-mendoza-para-hitman-3/,https://www.fortnite.com/,Mapas turísticos AR contenido rotativo.,publicado,fortnite-argentina-maps,csv_legacy,,2026-08-03,,escenario,geografia,
fuego-recorte-silencio,"Fuego, Recorte, Silencio",2026,prototipo,,,,Alta histórica reconciliada desde games.json,publicado,fuego-recorte-silencio,csv_legacy,,2026-08-03,,,,
fabulas-portenas,Fábulas Porteñas,,en_desarrollo,escenario,https://tn.com.ar/tecno/juegos/2024/09/14/lanzan-fabulas-portenas-el-videojuego-argentino-de-terror-sobre-un-mito-urbano-de-la-linea-h-del-subte/,,"Terror en primera persona inspirado en leyendas urbanas del subte porteño, centrado en la estación fantasma Pirámides de",publicado,fabulas-portenas,csv_legacy,,2026-08-03,,escenario,,
futbol-deluxe,Fútbol Deluxe,2004,publicado,deporte,https://es.wikipedia.org/wiki/F%C3%BAtbol_Deluxe,,"Manager de fútbol argentino con reglas locales, barras bravas, dopaje y mecánicas pensadas para el fútbol del país.",publicado,futbol-deluxe-2004,csv_legacy,,2026-08-03,,deporte,,
game-of-patios,Game Of Patios,,publicado,escenario,https://store.steampowered.com/app/3387790/,https://store.steampowered.com/app/3387790/,Candidato Steam app 3387790.,publicado,game-of-patios,csv_legacy,,2026-08-03,,escenario,,batch7 incorporar; score=5; juego base; dev/publisher AR; jurisdicción: Córdoba
gaucho-and-the-grassland,Gaucho and the Grassland,,publicado,escenario,https://store.steampowered.com/app/1670830/,https://store.steampowered.com/app/1670830/,Candidato Steam app 1670830.,publicado,gaucho-and-the-grassland,csv_legacy,,2026-08-03,,escenario,,batch7 incorporar; score=5; juego base; descripción AR; términos fuertes: gaucho
gaucho-liberacion,Gaucho Liberación,,en_desarrollo,escenario+protagonista,https://www.gitgud.com.ar/cuando-un-videojuego-es-argentino-definicion/,,Juego de vida gauchesca con costumbres y tradiciones de la Argentina rural histórica.,publicado,gaucho-liberacion,csv_legacy,,2026-08-03,,mixto,,
gaucho-power,GAUCHO POWER,,en_desarrollo,escenario+protagonista,https://revirado.itch.io/gaucho-power,https://revirado.itch.io/gaucho-power,Juego de sigilo sobre la Guerra Gaucha y las milicias del noroeste argentino durante la independencia.,publicado,gaucho-power,csv_legacy,,2026-08-03,,mixto,,
gaucho-runner,Gaucho Runner,,en_desarrollo,escenario+protagonista,https://jerestein-dev.itch.io/gaucho-runner,https://jerestein-dev.itch.io/gaucho-runner,"Runner en primera persona donde un gaucho atraviesa Bariloche, la pampa y Buenos Aires combatiendo soldados españoles.",publicado,gaucho-runner,csv_legacy,,2026-08-03,,mixto,,
gaucho-subway-escape,Gaucho: Subway Escape,,publicado,escenario+protagonista,https://store.steampowered.com/app/3272390/Gaucho_Subway_Escape/,https://store.steampowered.com/app/3272390/Gaucho_Subway_Escape/,Action roguelike en subte de Buenos Aires post-apocalíptico.,publicado,gaucho-subway-escape,csv_legacy,,2026-08-03,,mixto,cultura_urbana,steam search argentina
gauchos-inmortales,Gauchos Inmortales,,en_desarrollo,escenario+protagonista,https://gauchosinmortales.com/,https://gauchosinmortales.com/,"Juego multijugador de acción y terror rural ambientado en la Argentina del siglo XIX, con gauchos y criaturas del folclo",publicado,gauchos-inmortales,csv_legacy,,2026-08-03,,mixto,,
golazo-2,Golazo! 2,2022,publicado,deporte,https://www.mobygames.com/company/35300/purple-tree-srl/,,Secuela del arcade de fútbol desarrollado en Argentina con selecciones internacionales incluyendo Argentina.,publicado,golazo-2,csv_legacy,,2026-08-03,,deporte,,
golazo-soccer-league,Golazo! Soccer League,2020,publicado,deporte,https://pressover.news/noticias/golazo-juego-de-futbol-hecho-en-argentina-sale-manana-en-switch/,https://store.steampowered.com/app/1431040/Golazo_Soccer_League/,Fútbol arcade desarrollado en Argentina con modo copa internacional que incluye la selección argentina.,publicado,golazo-soccer-league,csv_legacy,,2026-08-03,,deporte,,
gran-malvina,Gran Malvina,,prototipo,escenario,https://ezequielpirrotta.itch.io/gran-malvina,https://ezequielpirrotta.itch.io/gran-malvina,Top-down shooter prototipo sobre un soldado argentino en la Guerra de Malvinas de 1982.,publicado,gran-malvina,csv_legacy,,2026-08-03,,escenario,,
gta-rio-de-la-plata,GTA Río de la Plata,2019,publicado,escenario,https://fmfuego.com.ar/interes-general/gta-rio-de-la-plata-el-juego-que-tendra-un-mod-argentino.htm,,"Mod de GTA San Andreas con mapa de Buenos Aires: Casa Rosada, Obelisco, La Boca y referencias locales.",publicado,gta-rio-de-la-plata,csv_legacy,,2026-08-03,,escenario,,
havana-blood,Havana Blood,,publicado,escenario,https://store.steampowered.com/app/4361180/,https://store.steampowered.com/app/4361180/,Candidato Steam app 4361180.,publicado,havana-blood,csv_legacy,,2026-08-03,,escenario,,batch7 incorporar; score=7; juego base; dev/publisher AR; descripción AR; jurisdicción: Mendoza
hearts-of-iron-iv-mods-argentina,Hearts of Iron IV — Mods Argentina,2016,publicado,escenario+protagonista,https://steamcommunity.com/workshop/browse/?appid=394360&searchtext=argentina,https://store.steampowered.com/app/394360/Hearts_of_Iron_IV/,Mods líneas temporales AR.,publicado,hearts-of-iron-iv-mods-argentina,csv_legacy,,2026-08-03,,mixto,historia;politica,tipo mod
help-no-brake,HELP NO BRAKE,,publicado,escenario,https://store.steampowered.com/app/2531960/,https://store.steampowered.com/app/2531960/,Candidato Steam app 2531960.,publicado,help-no-brake,csv_legacy,,2026-08-03,,escenario,,batch7 incorporar; score=7; juego base; dev/publisher AR; descripción AR; jurisdicción: Mendoza
heroinas-de-la-independencia,Heroínas de la Independencia,,en_desarrollo,escenario+protagonista,https://fundacionariadna.org.ar/videojuego,https://fundacionariadna.org.ar/videojuego,Proyecto educativo Fundación Ariadna.,publicado,heroinas-independencia,csv_legacy,,2026-08-03,,mixto,historia;educativo,
hitman-3-mendoza,Hitman 3 — Mendoza,2021,publicado,escenario,https://www.infobae.com/gaming/2021/01/17/9-videojuegos-con-niveles-ambientados-en-argentina-y-la-eleccion-de-mendoza-para-hitman-3/,,"Misión 'The Farewell' ambientada en viñedos de Mendoza con cultura argentina: tango, asado, mate y vino.",publicado,hitman-3-mendoza,csv_legacy,,2026-08-03,,escenario,,
hive-dive,Hive Dive,,publicado,escenario,https://store.steampowered.com/app/2707380/,https://store.steampowered.com/app/2707380/,Candidato Steam app 2707380.,publicado,hive-dive,csv_legacy,,2026-08-03,,escenario,,batch7 incorporar; score=5; juego base; descripción AR; términos fuertes: patagonia
indice-de-abuelidad,Indice de Abuelidad,2026,publicado,,,,Alta histórica reconciliada desde games.json,publicado,indice-de-abuelidad,csv_legacy,,2026-08-03,,,,
industria-argentina,Industria Argentina,2024,publicado,,,,Alta histórica reconciliada desde games.json,publicado,industria-argentina,csv_legacy,recorridos_release2.json,2026-08-03,,,,
kokena,Kokena,,publicado,,,,Alta histórica reconciliada desde games.json,publicado,kokena,csv_legacy,recorridos_release2.json,2026-08-03,,,,
la-bandida-martina-chapanay,La Bandida - Martina Chapanay,2026,publicado,,,,Alta histórica reconciliada desde games.json,publicado,la-bandida-martina-chapanay,csv_legacy,juegos_x_memoria.json,2026-08-03,,,,
la-furia-de-las-trenzas,La Furia de las Trenzas,,en_desarrollo,escenario+protagonista,https://www.el1digital.com.ar/cultura/a-defender-buenos-aires-llega-a-steam-la-furia-de-las-trenzas/,https://store.steampowered.com/app/2836120/La_Furia_de_las_Trenzas/,Roguelike de supervivencia sobre la defensa de Buenos Aires durante la segunda invasión inglesa. El jugador encarna a Sa,publicado,la-furia-de-las-trenzas,csv_legacy,,2026-08-03,,mixto,,
la-salamanca,La Salamanca,,en_desarrollo,escenario+protagonista,https://www.airedesantafe.com.ar/gaming/la-salamanca-el-videojuego-terror-desarrollado-rosario-que-causa-furor-las-redes-n595131,,Terror y puzzles basado en la leyenda de La Salamanca de los Llanos (Santiago del Estero).,publicado,la-salamanca,csv_legacy,,2026-08-03,,mixto,,
las-cronicas-de-juana-azurduy,LAS CRÓNICAS DE JUANA AZURDUY,2026,publicado,,,,Alta histórica reconciliada desde games.json,publicado,cronicas-de-juana-azurduy,csv_legacy,juegos_x_memoria.json,2026-08-03,,,,
libertad-o-muerte,Libertad o Muerte!,2020,publicado,escenario+protagonista,https://store.steampowered.com/app/1174420/Libertad_o_Muerte/,https://store.steampowered.com/app/1174420/Libertad_o_Muerte/,Guerras de independencia latinoamericanas.,publicado,libertad-o-muerte,csv_legacy,,2026-08-03,,mixto,historia,
los-infernales,Los Infernales,,en_desarrollo,escenario+protagonista,https://agencia.unq.edu.ar/?p=14461,,Shooter inspirado en las milicias gauchas de Martín Miguel de Güemes que defendieron el norte argentino durante la Guerr,publicado,los-infernales,csv_legacy,,2026-08-03,,mixto,,
luz-mala,Luz Mala,,prototipo,escenario+protagonista,https://www.extragamers.com.ar/2026/05/luz-mala-la-leyenda-argentina-que-se-convierte-en-videojuego-ya-tiene-su-demo.html,,"Demo donde el jugador encarna a la Luz Mala, leyenda rioplatense que aparece en los campos.",publicado,luz-mala,csv_legacy,,2026-08-03,,mixto,,
malvinas-2032,Malvinas 2032,1999,publicado,escenario+protagonista,https://devuego.lat/bd/presskit/malvinas-2032,,RTS argentino donde el jugador comanda fuerzas militares en una incursión ficticia de 2032 para recuperar las Islas Malv,publicado,malvinas-2032,csv_legacy,,2026-08-03,,mixto,,
malvinas-la-ultima-carta,Malvinas: La Última Carta,,en_desarrollo,escenario+protagonista,https://www.perfil.com/noticias/tecnologia/malvinas-la-ultima-carta-primer-videojuego-argentino-guerra-1982.phtml,https://store.steampowered.com/app/2584740/Malvinas_La_Ultima_Carta/,"Acción y sigilo en tercera persona sobre un conscripto de 18 años, último sobreviviente de su batallón, que debe protege",publicado,malvinas-la-ultima-carta,csv_legacy,,2026-08-03,,mixto,,
malvinas-operacion-rosario-expandido,Malvinas: Operación Rosario (expandido),,publicado,escenario,https://a-m-o-g-u-s-u-s.itch.io/operacion-rosario,https://a-m-o-g-u-s-u-s.itch.io/operacion-rosario,Ya en base; candidato para enriquecer.,publicado,operacion-rosario,csv_legacy,,2026-08-03,,escenario,memoria;historia,
malon,Malón,,publicado,escenario+protagonista,https://store.steampowered.com/app/3462960/Malon/,https://store.steampowered.com/app/3462960/Malon/,Estrategia/gestión en fortín fronterizo Pampa y Patagonia. LTP Argentina.,publicado,malon,csv_legacy,,2026-08-03,,mixto,historia;folclore,steam search argentina
mapampa,Mapampa,,publicado,escenario,https://www.mapampa.com.ar/,https://www.mapampa.com.ar/,"Juego web de geografía argentina con modos competitivo y de aprendizaje sobre provincias, capitales y banderas.",publicado,mapampa,csv_legacy,,2026-08-03,,escenario,,
menem-la-hizo,Menem La Hizo,2023,publicado,protagonista,https://pressover.news/entrevista/menem-la-hizo-el-videojuego-sobre-desmantelar-el-pais/,https://ventousa.itch.io/menem-la-hizo,Elige tu aventura satírica. Game jam Acción Dev.,publicado,menem-la-hizo,csv_legacy,,2026-08-03,,protagonista,politica;satira,sensibilidad alta
microsoft-flight-simulator,Microsoft Flight Simulator,2020,publicado,escenario,https://www.infobae.com/gaming/2021/01/17/9-videojuegos-con-niveles-ambientados-en-argentina-y-la-eleccion-de-mendoza-para-hitman-3/,https://store.steampowered.com/app/1250410/Microsoft_Flight_Simulator/,Escenarios AR en sim global.,publicado,microsoft-flight-simulator-argentina,csv_legacy,,2026-08-03,,escenario,geografia,
mobbyt-coleccion-geografia-argentina,Mobbyt — Colección Geografía Argentina,,publicado,escenario,https://mobbyt.com/videojuego/educativo/,https://mobbyt.com/videojuego/educativo/,"Colección: trivias de provincias, capitales, banderas, mapas.",publicado,mobbyt-geografia-argentina,csv_legacy,,2026-08-03,,escenario,educativo;geografia,entrada colección
mobbyt-coleccion-historia-argentina,Mobbyt — Colección Historia Argentina,2020,publicado,,,,Alta histórica reconciliada desde games.json,publicado,mobbyt-historia-argentina,csv_legacy,,2026-08-03,,,,
mount-blade-warband-mods-independentistas,Mount & Blade: Warband — Mods independentistas,2010,publicado,escenario+protagonista,https://steamcommunity.com/workshop/browse/?appid=48700&searchtext=argentina+independencia,https://store.steampowered.com/app/48700/Mount__Blade_Warband/,Mods campañas independentistas.,publicado,mount-blade-warband-mods-argentina,csv_legacy,,2026-08-03,,mixto,historia,tipo mod
nana-una-historia-de-vida-amor-y-militancia,"Naná - Una historia de vida, amor y militancia.",2023,prototipo,,,,Alta histórica reconciliada desde games.json,publicado,nana-historia-vida-militancia,csv_legacy,juegos_x_memoria.json,2026-08-03,,,,
napoleon-total-war-mods-independencia-americana,Napoleon: Total War — Mods independencia americana,2010,publicado,escenario+protagonista,https://steamcommunity.com/workshop/browse/?appid=34030&searchtext=south+america+independence,https://store.steampowered.com/app/34030/Napoleon_Total_War/,Mods independencia americana.,publicado,napoleon-total-war-mods-independencia,csv_legacy,,2026-08-03,,mixto,historia,tipo mod
noir-storm,Noir Storm,,en_desarrollo,escenario,https://www.extragamers.com.ar/2022/04/juegos-argentinos-ambientados-en-buenos-aires.html,,Aventura noir ambientada en Buenos Aires de 1952 con detective privado.,publicado,noir-storm,csv_legacy,,2026-08-03,,escenario,,
nos-vemos-a-las-dos-1976,Nos vemos a las dos (1976),2026,publicado,,,,Alta histórica reconciliada desde games.json,publicado,nos-vemos-a-las-dos-1976,csv_legacy,juegos_x_memoria.json,2026-08-03,,,,
olsedba,Olsedba,,,,,,,publicado,olsedba,cli,,2026-08-03,,,,
pampas-selene-the-maze-of-demons,Pampas & Selene: The Maze of Demons,,publicado,escenario,https://store.steampowered.com/app/1966220/,https://store.steampowered.com/app/1966220/,Candidato Steam app 1966220.,publicado,pampas-selene-maze-of-demons,csv_legacy,,2026-08-03,,escenario,,batch7 incorporar; score=6; juego base; descripción AR; términos fuertes: pampa; jurisdicción: La Pampa
panchofobia,Panchofobia,,en_desarrollo,,,,Alta histórica reconciliada desde games.json,publicado,panchofobia,csv_legacy,,2026-08-03,,,,
parque-del-delta-delta-kayak,Parque del Delta (Delta Kayak),,en_desarrollo,escenario,https://club.steam250.com/app/2632680,https://store.steampowered.com/app/2632680/Delta_Kayak/,Terror de exploración en el Delta del Paraná con transporte y geografía real.,publicado,delta-kayak-parque-del-delta,csv_legacy,,2026-08-03,,escenario,,
pc-futbol-5-0-apertura-97-argentina,PC Fútbol 5.0 Apertura 97 (Argentina),1997,publicado,deporte,https://archive.org/details/pc-futbol-5.0-apertura-97,,Edición argentina de PC Fútbol 5.0 con relato de Marcelo Araujo y torneo Apertura 1997.,publicado,pc-futbol-50-apertura-97-argentina,csv_legacy,,2026-08-03,,deporte,,
pc-futbol-6-0-argentina,PC Fútbol 6.0 Argentina,1998,publicado,deporte,https://www.dekazeta.net/foro/files/file/4226-pc-f%C3%BAtbol-60-argentina/,,"Versión argentina de PC Fútbol 6.0 con Primera División, Copa Argentina y divisiones inferiores.",publicado,pc-futbol-60-argentina,csv_legacy,,2026-08-03,,deporte,,
pc-futbol-7-0-argentina,PC Fútbol 7.0 Argentina,1998,publicado,deporte,https://www.pcfutbol.com/,,Última gran entrega de la saga PC Fútbol centrada en el fútbol argentino.,publicado,pc-futbol-70-argentina,csv_legacy,,2026-08-03,,deporte,,
pc-futbol-argentina-4-0-apertura-96,PC Fútbol Argentina 4.0 Apertura 96,1996,publicado,deporte,https://www.kodromagazine.com/pc-futbol-argentina-4-0-apertura-96/,,Adaptación argentina de PC Fútbol 4.0 con modo Pro-Manager y torneo Apertura 1996 de la Primera División.,publicado,pc-futbol-argentina-40-apertura-96,csv_legacy,,2026-08-03,,deporte,,
pc-futbol-argentina-apertura-95,PC Fútbol Argentina Apertura 95,1995,publicado,deporte,https://www.kodromagazine.com/pc-futbol-argentina-apertura-95/,,Segunda edición argentina de PC Fútbol con el torneo Apertura 1995 y base de datos elaborada por periodistas locales.,publicado,pc-futbol-argentina-apertura-95,csv_legacy,,2026-08-03,,deporte,,
pc-futbol-argentina-clausura-95,PC Fútbol Argentina Clausura 95,1995,publicado,deporte,https://www.kodromagazine.com/pc-futbol-argentina-clausura-95/,,Primera edición de PC Fútbol adaptada a la liga argentina con los 20 equipos del torneo Clausura 1995.,publicado,pc-futbol-argentina-clausura-95,csv_legacy,,2026-08-03,,deporte,,
perfil-de-riesgo-casos-federales,Perfil de Riesgo: Casos Federales,2008,publicado,escenario,https://www.mobygames.com/game/50720/perfil-de-riesgo-casos-federales/,,Aventura point-and-click encargada por la AFIP donde Martina recorre regiones argentinas resolviendo casos vinculados a,publicado,perfil-de-riesgo-casos-federales,csv_legacy,,2026-08-03,,escenario,,
piggo,PIGGO,,publicado,escenario,https://store.steampowered.com/app/4597790/,https://store.steampowered.com/app/4597790/,Candidato Steam app 4597790.,publicado,piggo,csv_legacy,,2026-08-03,,escenario,,batch7 incorporar; score=6; juego base; descripción AR; términos fuertes: pampa; jurisdicción: La Pampa
pista-motorsport,PISTA Motorsport,2024,publicado,,,,Alta histórica reconciliada desde games.json,publicado,pista-motorsport,csv_legacy,,2026-08-03,,,,
pomberito,Pomberito,2024,publicado,escenario+protagonista,https://devuego.lat/bd/fjuego/pomberito,https://store.steampowered.com/app/2726930/Pomberito/,Survival horror en primera persona ambientado en el campo del noreste argentino. El jugador debe sobrevivir cinco noches,publicado,pomberito-2024,csv_legacy,,2026-08-03,,mixto,,
portenolandia,Porteñolandia,,en_desarrollo,escenario,https://urgente24.com/omni/se-viene-portenolandia-el-gta-argentino-piqueteros-y-noches-truco-n581400,,"Open world con Palermo, San Telmo, Obelisco, subte y truco porteño.",publicado,portenolandia,csv_legacy,,2026-08-03,,escenario,,
prisoner-of-ice,Prisoner of Ice,1995,publicado,escenario,https://www.infobae.com/gaming/2021/01/17/9-videojuegos-con-niveles-ambientados-en-argentina-y-la-eleccion-de-mendoza-para-hitman-3/,,Aventura lovecraftiana con segmentos en una base en las Islas Malvinas y la Biblioteca de la Universidad de Buenos Aires,publicado,prisoner-of-ice-argentina,csv_legacy,,2026-08-03,,escenario,,
pro-evolution-soccer-2014-licencia-afa,Pro Evolution Soccer 2014 (Licencia AFA),2013,publicado,deporte,https://www.hobbyconsolas.com/noticias/pes-2014-adquiere-licencia-primera-division-argentina-55248,,Primera entrega de PES con licencia completa de la Primera División argentina (20 equipos de la AFA).,publicado,pes-2014-afa,csv_legacy,,2026-08-03,,deporte,,
pro-evolution-soccer-2017-licencia-afa-ampliada,Pro Evolution Soccer 2017 (Licencia AFA ampliada),2016,publicado,deporte,https://www.konami.com/games/eu/en/topics/13834/,,PES 2017 con 30 equipos argentinos licenciados y estadios Bombonera y Monumental.,publicado,pes-2017-afa,csv_legacy,,2026-08-03,,deporte,,
proceres-san-martin-2,PRÓCERES: San Martín,,publicado,protagonista,https://setentia-studios.itch.io/proceres-san-martin,https://setentia-studios.itch.io/proceres-san-martin,Juego educativo web sobre el Cruce de los Andes y la batalla de Maipú con José de San Martín.,publicado,proceres-san-martin,csv_legacy,,2026-08-03,,protagonista,,
qsvt-que-se-vayan-todos,QSVT: ¡Que se vayan todos!,,publicado,escenario+protagonista,https://store.steampowered.com/app/4187700/QSVT_Que_se_vayan_todos/,https://store.steampowered.com/app/4187700/QSVT_Que_se_vayan_todos/,Estrategia política satírica sobre gobernar Argentina.,publicado,qsvt-que-se-vayan-todos,csv_legacy,,2026-08-03,,mixto,politica;satira,steam search argentina
repartidosya,RepartidosYa,,publicado,,,,Alta histórica reconciliada desde games.json,publicado,repartidosya,csv_legacy,recorridos_release2.json,2026-08-03,,,,
republica-argentina-provincias-y-capitales,República Argentina - Provincias y Capitales,,publicado,escenario,https://mobbyt.com/videojuego/educativo/?Id=77918,https://mobbyt.com/videojuego/educativo/?Id=77918,Trivia educativa para identificar provincias argentinas y sus capitales.,publicado,mobbyt-provincias-capitales,csv_legacy,,2026-08-03,,escenario,,
resistencia-en-obligado,Resistencia en Obligado,,prototipo,escenario+protagonista,https://itch.io,,Estrategia histórica sobre la batalla de Obligado de 1845 en el Paraná.,publicado,resistencia-en-obligado,csv_legacy,juegos_x_memoria.json,2026-08-03,,mixto,,
reversion-the-escape,Reversion: The Escape,2014,publicado,escenario,https://www.videojuegosargentinos.com.ar/developer/3f-interactive,https://3finteractive.itch.io/reversion-1-the-escape,Aventura point-and-click en Buenos Aires devastada en 2035; el protagonista despierta en el Garrahan.,publicado,reversion-the-escape,csv_legacy,,2026-08-03,,escenario,,
reversion-the-meeting,Reversion: The Meeting,2014,publicado,escenario,https://www.videojuegosargentinos.com.ar/developer/3f-interactive,https://3finteractive.itch.io/reversion-2-the-meeting,Segundo capítulo de la trilogía Reversion en las ruinas de Buenos Aires.,publicado,reversion-the-meeting,csv_legacy,,2026-08-03,,escenario,,
reversion-the-return,Reversion: The Return,2020,publicado,escenario,https://www.videojuegosargentinos.com.ar/developer/3f-interactive,https://3finteractive.itch.io/reversion-3-the-return,Capítulo final de Reversion ambientado en Buenos Aires post-apocalíptica.,publicado,reversion-the-return,csv_legacy,,2026-08-03,,escenario,,
rhythm-soccer,Rhythm Soccer,,publicado,escenario,https://store.steampowered.com/app/2368200/,https://store.steampowered.com/app/2368200/,Candidato Steam app 2368200.,publicado,rhythm-soccer,csv_legacy,,2026-08-03,,escenario,,batch7 incorporar; score=8; juego base; dev/publisher AR; descripción AR; términos fuertes: argentina
rodolfo-walsh-esa-mujer,Rodolfo Walsh - Esa mujer,2024,prototipo,,,,Alta histórica reconciliada desde games.json,publicado,rodolfo-walsh-esa-mujer,csv_legacy,juegos_x_memoria.json,2026-08-03,,,,
runa-y-el-legado-chaikuru,Runa y el Legado Chaikurú,2025,publicado,escenario+protagonista,https://pressover.news/analisis/runa-y-el-legado-chaikuru-plataformas-3d-made-in-argentina/,https://store.steampowered.com/app/2239550/Runa__The_Chaikuru_Legacy/,"Plataformero 3D inspirado en los clásicos de los 90 con estética y mecánicas de cultura latinoamericana: mate, boleadora",publicado,runa-legado-chaikuru-2025,csv_legacy,,2026-08-03,,mixto,,
semaforo-climber,Semaforo Climber,2022,publicado,,,,Alta histórica reconciliada desde games.json,publicado,semaforo-climber,csv_legacy,,2026-08-03,,,,
servicio-de-funeraria-marquez-paz,Servicio de Funeraria Marquez Paz,,publicado,escenario+protagonista,https://store.steampowered.com/app/1885040/Funerary_Services_Marquez_Paz/,https://store.steampowered.com/app/1885040/Funerary_Services_Marquez_Paz/,Aventura en barrio Marquez Paz (Buenos Aires). devpetrichor.,publicado,funeraria-marquez-paz,csv_legacy,,2026-08-03,,mixto,cultura_urbana,steam search argentina
simuladron,SimuLadrón,,en_desarrollo,escenario,https://devuego.lat/,,Sátira sobre economía y política argentina contemporánea.,publicado,simuladron,csv_legacy,,2026-08-03,,escenario,,
slender-threads,Slender Threads,,en_desarrollo,escenario,https://www.extragamers.com.ar/2022/04/juegos-argentinos-ambientados-en-buenos-aires.html,,"Aventura de suspenso ambientada en Villa Ventana, provincia de Buenos Aires.",publicado,slender-threads,csv_legacy,,2026-08-03,,escenario,,
sol-705,Sol 705,2020,publicado,escenario,https://www.extragamers.com.ar/2022/04/juegos-argentinos-ambientados-en-buenos-aires.html,https://store.steampowered.com/app/1251270/Sol_705/,"Aventura gráfica ambientada en un pueblo ficticio de la provincia de Buenos Aires en los años 70, con rock nacional y ov",publicado,sol-705-2020,csv_legacy,,2026-08-03,,escenario,,
sombras-de-salta,Sombras de Salta,2026,publicado,,,,Alta histórica reconciliada desde games.json,publicado,sombras-de-salta,csv_legacy,juegos_x_memoria.json,2026-08-03,,,,
stellar-mess-the-princess-conundrum,Stellar Mess: The Princess Conundrum,2023,publicado,escenario,https://www.mobygames.com/game/200114/stellar-mess-the-princess-conundrum/,,Aventura point-and-click con protagonista de tienda de cómics del sur argentino.,publicado,stellar-mess-princess-conundrum,csv_legacy,,2026-08-03,,escenario,,
sub-namuncura,Sub-Namuncurá,2024,publicado,,,,Alta histórica reconciliada desde games.json,publicado,sub-namuncura,csv_legacy,recorridos_release2.json,2026-08-03,,,,
super-menem-bros,Super Menem Bros,1993,publicado,protagonista,https://www.tribunahacker.com.ar/606/,,Parodia argentina de Super Mario Bros protagonizada por Carlos Menem y enemigos de la política de los 90.,publicado,super-menem-bros,csv_legacy,,2026-08-03,,protagonista,,
syndicate-buenos-aires-2069,Syndicate (Buenos Aires 2069),2012,publicado,escenario,https://www.infobae.com/gaming/2021/01/17/9-videojuegos-con-niveles-ambientados-en-argentina-y-la-eleccion-de-mendoza-para-hitman-3/,,Nivel de Buenos Aires futurista en 2069 dentro del reboot de Syndicate.,publicado,syndicate-buenos-aires,csv_legacy,,2026-08-03,,escenario,,
take-a-hint,Take a Hint,2026,publicado,,,,Alta histórica reconciliada desde games.json,publicado,take-a-hint,csv_legacy,,2026-08-03,,,,
tango-fury,Tango Fury,2018,publicado,escenario+protagonista,referencia,,Ya existe Tango: The Adventure Game en base.,publicado,tango-the-adventure-game,csv_legacy,,2026-08-03,,mixto,musica,
tenebris-somnia,Tenebris Somnia,2026,en_desarrollo,,,,Alta histórica reconciliada desde games.json,publicado,tenebris-somnia,csv_legacy,,2026-08-03,,,,
the-almamula,The Almamula,,publicado,escenario,https://store.steampowered.com/app/3219760/,https://store.steampowered.com/app/3219760/,Candidato Steam app 3219760.,publicado,the-almamula,csv_legacy,,2026-08-03,,escenario,,"batch7 incorporar; score=9; juego base; dev/publisher AR; descripción AR; términos fuertes: gaucho,pampa; jurisdicción: Chaco"
the-baron-got-you-again,The baron got you again,,publicado,escenario,https://store.steampowered.com/app/538050/,https://store.steampowered.com/app/538050/,Candidato Steam app 538050.,publicado,the-baron-got-you-again,csv_legacy,,2026-08-03,,escenario,,batch7 incorporar; score=8; juego base; dev/publisher AR; descripción AR; términos fuertes: argentina
the-lost-land-of-bahia-blanca,The Lost Land of Bahía Blanca,,en_desarrollo,escenario,https://reconectados.com.ar/eva-play-online-el-catalogo-digital-ya-se-encuentra-disponible-con-mas-de-100-juegos-nacionales/,https://libromancy-studios.itch.io/the-lost-land-of-bahia-blanca-prologue,Aventura gráfica fantástica sobre Bahía Blanca bajo una dictadura vampírica.,publicado,the-lost-land-bahia-blanca,csv_legacy,,2026-08-03,,escenario,,
the-path-into-the-abyss,The Path Into The Abyss,,publicado,escenario,https://store.steampowered.com/app/3000460/,https://store.steampowered.com/app/3000460/,Candidato Steam app 3000460.,publicado,the-path-into-the-abyss,csv_legacy,,2026-08-03,,escenario,,batch7 incorporar; score=6; juego base; dev/publisher AR; descripción AR
tierras-infernales,Tierras Infernales,,publicado,escenario+protagonista,https://store.steampowered.com/app/3297900/Infernal_Lands/,https://store.steampowered.com/app/3297900/Infernal_Lands/,Roguelike arcade guerras de independencia norte argentino.,publicado,tierras-infernales,csv_legacy,,2026-08-03,,mixto,historia,steam search argentina
tincho-aventuras-a-la-carta,Tincho Aventuras a la Carta,,publicado,escenario+protagonista,https://store.steampowered.com/app/2172050/Tincho_Aventuras_a_la_Carta/,https://store.steampowered.com/app/2172050/Tincho_Aventuras_a_la_Carta/,Plataformero 2.5D donde Tincho el carpincho recorre regiones argentinas explorando la gastronomía local con animales aut,publicado,tincho-aventuras-a-la-carta,csv_legacy,,2026-08-03,,mixto,,
tito-en-el-humedal,Tito en el Humedal,,publicado,escenario,https://itch.io,,Trivia educativa sobre el humedal de Melincué en Santa Fe.,publicado,tito-en-el-humedal,csv_legacy,,2026-08-03,,escenario,,
tortas-fritas-de-mayo,Tortas fritas de Mayo,2026,publicado,,,,Alta histórica reconciliada desde games.json,publicado,tortas-fritas-de-mayo,csv_legacy,juegos_x_memoria.json,2026-08-03,,,,
truco-arbiser,Truco Arbiser,1982,publicado,escenario+protagonista,https://www-2.dc.uba.ar/charlas/lud/truco/,,Primer videojuego comercial latinoamericano: simulación del truco argentino con frases y música de tango.,publicado,truco-arbiser-1982,csv_legacy,,2026-08-03,,mixto,,
truco-blyts,Truco Blyts,,publicado,escenario+protagonista,https://www.extragamers.com.ar/2022/04/juegos-argentinos-ambientados-en-buenos-aires.html,,Versión digital del truco argentino del estudio porteño Blyts.,publicado,truco-blyts,csv_legacy,,2026-08-03,,mixto,,
trucotron,Trucotron,1991,publicado,escenario+protagonista,https://gameon2019.com/speaker/trucotron/,,Primer arcade diseñado íntegramente en Argentina. Permite jugar al truco contra la máquina con hardware y software nacio,publicado,trucotron,csv_legacy,,2026-08-03,,mixto,,
turbo-playa,Turbo Playa,2024,publicado,,,,Alta histórica reconciliada desde games.json,publicado,turbo-playa,csv_legacy,recorridos_release2.json,2026-08-03,,,,
un-mundo-sin-vos-es,Un mundo sin vos (ES),2023,publicado,,,,Alta histórica reconciliada desde games.json,publicado,un-mundo-sin-vos,csv_legacy,juegos_x_memoria.json,2026-08-03,,,,
vuelo-federal,Vuelo Federal,,publicado,,,,Alta histórica reconciliada desde games.json,publicado,vuelo-federal,csv_legacy,recorridos_release2.json,2026-08-03,,,,
wanted-guns,Wanted Guns,,publicado,escenario,https://store.steampowered.com/app/2462230/,https://store.steampowered.com/app/2462230/,Candidato Steam app 2462230.,publicado,wanted-guns,csv_legacy,,2026-08-03,,escenario,,batch7 incorporar; score=5; juego base; descripción AR; términos fuertes: gaucho
warpzone-vs-the-dimension,WarpZone vs THE DIMENSION,,publicado,escenario,https://store.steampowered.com/app/1088060/,https://store.steampowered.com/app/1088060/,Candidato Steam app 1088060.,publicado,warpzone-vs-the-dimension,csv_legacy,,2026-08-03,,escenario,,batch7 incorporar; score=6; juego base; descripción AR; términos fuertes: pampa; jurisdicción: La Pampa
wars-across-the-world-curupayti-1866,Wars Across The World: Curupayti 1866,2022,publicado,,,,Alta histórica reconciliada desde games.json,publicado,wars-curupayti-1866,csv_legacy,,2026-08-03,,,,
wrc-10-fia-world-rally-championship,WRC 10 FIA World Rally Championship,2021,publicado,,,,Alta histórica reconciliada desde games.json,publicado,wrc-10-argentina,csv_legacy,,2026-08-03,,,,
xplorite,Xplorite,,en_desarrollo,escenario+protagonista,https://www.videojuegosargentinos.com.ar/,,Metroidvania 2D con identidad latinoamericana y exploración de mitos regionales.,publicado,xplorite,csv_legacy,,2026-08-03,,mixto,,
yerba-mate-tycoon,Yerba Mate Tycoon,,publicado,escenario,https://store.steampowered.com/app/1404560/Yerba_Mate_Tycoon/,https://store.steampowered.com/app/1404560/Yerba_Mate_Tycoon/,Tycoon de producción de yerba mate.,publicado,yerba-mate-tycoon,csv_legacy,,2026-08-03,,escenario,folclore;juegos_tradicionales,steam search argentina; dev no AR
yo-matias-cazador-de-golosinas,Yo Matías: Cazador de Golosinas,2001,publicado,protagonista,https://www.abandonsocios.org/index.php?topic=15458.0,,Minijuego arcade con el personaje porteño Yo Matías.,publicado,yo-matias-cazador-golosinas,csv_legacy,,2026-08-03,,protagonista,,
yo-matias-fantasmas-y-calabazas,Yo Matías: Fantasmas y Calabazas,2001,publicado,protagonista,https://archive.org/details/yomatias2,,Segunda entrega de la saga Yo Matías con aventuras oníricas del personaje cómico argentino.,publicado,yo-matias-fantasmas-calabazas,csv_legacy,,2026-08-03,,protagonista,,
yo-matias-futbol-5,Yo Matías: Fútbol 5,2003,publicado,protagonista+deporte,https://www.abandonsocios.org/index.php?topic=15458.0,,Juego de fútbol 5 con el personaje Matías de la tira cómica argentina.,publicado,yo-matias-futbol-5,csv_legacy,,2026-08-03,,mixto,,
yo-matias-suenos-peligrosos,Yo Matías: Sueños Peligrosos,1999,publicado,protagonista,https://www.abandonsocios.org/index.php?topic=15458.0,,Aventura basada en el personaje de la tira cómica argentina Yo Matías creada por Sendra.,publicado,yo-matias-suenos-peligrosos,csv_legacy,,2026-08-03,,protagonista,,
yo-matias-viajeros-del-tiempo-1,Yo Matías: Viajeros del Tiempo 1,2002,publicado,protagonista,https://www.abandonsocios.org/index.php?topic=15458.0,,Aventura educativa con el personaje de la tira cómica argentina Yo Matías.,publicado,yo-matias-viajeros-tiempo-1,csv_legacy,,2026-08-03,,protagonista,,
youra-the-game,Youra The Game,,publicado,escenario,https://store.steampowered.com/app/2724180/,https://store.steampowered.com/app/2724180/,Candidato Steam app 2724180.,publicado,youra-the-game,csv_legacy,,2026-08-03,,escenario,,batch7 incorporar; score=7; juego base; dev/publisher AR; descripción AR; jurisdicción: Mendoza
zonda,Zonda,,en_desarrollo,,,,Alta histórica reconciliada desde games.json,publicado,zonda,csv_legacy,,2026-08-03,,,,
zupay-sombras-de-la-independencia,Zupay: Sombras de la Independencia,,en_desarrollo,escenario+protagonista,https://pressover.news/analisis/primeras-impresiones/jugamos-a-demo-de-zupay-el-gaucho-que-volvio-de-la-muerte/,https://store.steampowered.com/app/2531940/Zupay_Sombras_de_la_Independencia/,Hack and slash con estética pixel art ambientado en la Guerra de la Independencia. El protagonista es un gaucho sobrenat,publicado,zupay-sombras-independencia,csv_legacy,,2026-08-03,,mixto,,
